book,uid,type,exam,exam_used_by_book,setq_tail,evidence
必修四哲学,BJ-2025-CY-ERMO-Q9,选择题,BJ-2025-CY-ERMO,是,"点,在人民意愿的有效实现。湖南八旬老人随手写的建议，甘肃临""居民视频提的诉求……凝结升华成法规条文，映照着中国式民主的广泛、真实、管用。 让人民广泛深入参与民主",词典判给本模块题肢2个；位置先验0.13；书稿已收:B3
必修四哲学,BJ-2023-FT-ERMO-Q3,选择题,BJ-2023-FT-ERMO,否（本书无此卷任何题）,3. 60年来，学雷锋活动在全国持续深入开展，雷锋的名字家喻户晓，雷锋的事迹深入人心，雷锋精神滋养着一代代中华儿女的心灵。雷锋精神 ,词典判给本模块题肢1个；位置先验0.59
必修四哲学,BJ-2023-CY-YIMO-Q3,选择题,BJ-2023-CY-YIMO,否（本书无此卷任何题）,可表述为“上”与“善” ，在工作上、学习上和生活上体现了一种“向上”的人生姿态；在理想信念上、价值取向上、人际关系上体现了一种“向善”的价值追求。开展学雷锋活动,词典判给本模块题肢2个；位置先验0.59
必修四哲学,BJ-2024-CY-YIMO-Q18(2),主观题,BJ-2024-CY-YIMO,是,结合材料二，运用《哲学与文化》 知识，谈谈对“ 让科学普及与科技创新‘ 两翼齐 飞’”的认识。(8分),设问点名:《哲学与文化》
必修四哲学,BJ-2023-CY-ERMO-Q16(1),主观题,BJ-2023-CY-ERMO,否（本书无此卷任何题）,结合材料一，从哲学角度说明，运用系统观念用好水资源需要注意的问题。 （6 分）,设问点名:哲学角度
必修四哲学,BJ-2023-HD-ERMO-Q20(2),主观题,BJ-2023-HD-ERMO,否（本书无此卷任何题）,结合材料一，从哲学角度分析我国为何持续推进网络空间法治化。 （6 分）,设问点名:哲学角度；书稿已收:B2
必修四哲学,BJ-2023-XC-YIMO-Q16,主观题,BJ-2023-XC-YIMO,否（本书无此卷任何题）,结合材料，从哲学角度说明如何提出科学有意义的建议。,设问点名:哲学角度
必修四哲学,BJ-2023-XC-ERMO-Q21(2),主观题,BJ-2023-XC-ERMO,否（本书无此卷任何题）,从哲学角度，分析“共同但有区别的责任”这一原则的合理性。（8分）,设问点名:哲学角度
必修四哲学,BJ-2023-XC-ERMO-Q4,选择题,BJ-2023-XC-ERMO,否（本书无此卷任何题）,全国人大2023年立法项目。未来，金融稳定法将着力健全系统高效的金融风险防范、化解和处置制度，并与现行法律制度衔接，守牢系统性金融安全的底线。金融稳定法的制定 ,词典判给本模块题肢2个；位置先验0.60；书稿已收:B3
必修四哲学,BJ-2023-XC-ERMO-Q5,选择题,BJ-2023-XC-ERMO,否（本书无此卷任何题）,把生长空间“还给”古树。如今，古树焕发新生，当地也从古树保护中找到了新的发展思路——通过全镇16棵古树串联村落，开发古树文化旅游线路，打造“古树名镇”。 可见 ,词典判给本模块题肢2个；位置先验0.45；书稿已收:B2
必修四哲学,BJ-2024-FT-ERMO-Q20,主观题,BJ-2024-FT-ERMO,是,运用哲学知识，谈谈你对“统筹发展和安全”的认识。,设问点名:哲学知识
必修四哲学,BJ-2024-HD-ERMO-Q3,选择题,BJ-2024-HD-ERMO,是,念侧重对现实的重现，中国的绘画理念则强调意象和意境。莫奈的《睡莲》采用中国画的线条和散点透视法；中国近代海派画家则吸收西方绘画的焦点透视以及明暗变化。由此可见 ,词典判给本模块题肢1个；位置先验0.60；书稿已收:CU
必修四哲学,BJ-2026-HD-YIMO-Q3,选择题,BJ-2026-HD-YIMO,是,“和平是白天鹅的翅膀，是翅膀掠过宁静的湖水， 是水底映出的云彩；和平是开向四方的门，是门 里圓桌上斟滿的红酒，是酒上照耀的灯⋯•” 对上述两则材料分析正确的有 ,词典判给本模块题肢1个；位置先验0.59
必修四哲学,BJ-2026-CP-ERMO-Q3,选择题,BJ-2026-CP-ERMO,否（本书无此卷任何题）,3. 当,词典判给本模块题肢4个；位置先验0.59
必修四哲学,BJ-2026-CP-QIMO-Q3,选择题,BJ-2026-CP-QIMO,否（本书无此卷任何题）,3. 近年来，多地政府推出节假日机关食堂错时开放、机关大院免费停车，符合法定条件的轻微交通违法行为“首违不罚”等便民惠客举措。这些举措（   ） ,词典判给本模块题肢3个；位置先验0.62
必修四哲学,BJ-2026-BJ-GAOKAO-Q4,选择题,BJ-2026-BJ-GAOKAO,否（本书无此卷任何题）,耕经济与崇文重教风尚长期融合发展的结果。如今，耕读文化所依赖的经济基础已大为不同，但其蕴含的价值理念仍有重要意义，内涵也随着时代变迁不断丰富。下列选项正确的是 ,词典判给本模块题肢1个；位置先验0.61；书稿已收:CU
必修四哲学,BJ-2026-BJ-GAOKAO-Q5,选择题,BJ-2026-BJ-GAOKAO,否（本书无此卷任何题）,项链”。从环路到大街小巷，月季常开，满城繁花成为城市名片。这是数代园林人持续科技攻关、数十个部门协同努力的结果，也承载着市民对美好生活的向往。下列选项正确的是 ,词典判给本模块题肢2个；位置先验0.48
必修四文化,BJ-2023-FT-YIMO-Q5,选择题,BJ-2023-FT-YIMO,否（本书无此卷任何题）,作精良化的高质量影片供给，在点亮新春消费市场的同时也传递了美好的东方审美情趣、现代的中国价值理念，彰显了中华民族的“精神筋骨”。“高质量”的影片通常（   ） ,词典判给本模块题肢2个；位置先验0.32
必修四文化,BJ-2024-CY-QIZHONG-Q7,选择题,BJ-2024-CY-QIZHONG,是," 7 月,联合国教科文组织第 46 届世界遗产大会通过决议,将“北京中轴线———中国理想都城秩序的杰作”列入《世界遗产名录》。 据此,小刘同学写出了以下四个判断",词典判给本模块题肢2个；位置先验0.12；书稿已收:RE
必修四文化,BJ-2023-FT-ERMO-Q3,选择题,BJ-2023-FT-ERMO,否（本书无此卷任何题）,3. 60年来，学雷锋活动在全国持续深入开展，雷锋的名字家喻户晓，雷锋的事迹深入人心，雷锋精神滋养着一代代中华儿女的心灵。雷锋精神 ,词典判给本模块题肢2个；位置先验0.55
必修四文化,BJ-2023-CY-YIMO-Q3,选择题,BJ-2023-CY-YIMO,否（本书无此卷任何题）,可表述为“上”与“善” ，在工作上、学习上和生活上体现了一种“向上”的人生姿态；在理想信念上、价值取向上、人际关系上体现了一种“向善”的价值追求。开展学雷锋活动,词典判给本模块题肢1个；位置先验0.55
必修四文化,BJ-2023-CY-YIMO-Q16,主观题,BJ-2023-CY-YIMO,否（本书无此卷任何题）,结合材料，运用《哲学与文化》知识，说明崇雍大街的“变身”是如何让人们更好感受到老北京文化味道的。,设问点名:《哲学与文化》
必修四文化,BJ-2024-CY-YIMO-Q2,选择题,BJ-2024-CY-YIMO,是,成式人工智能，制作了演绎中华经典古诗词的动画节目《千秋诗颂》。运用生 成式人工智能制作这样的动画节目，制作效率比运用传统动画制作技术提升三倍。生成 式人工智能 ,词典判给本模块题肢1个；位置先验0.64；书稿已收:B2
必修四文化,BJ-2023-DC-ERMO-Q16,主观题,BJ-2023-DC-ERMO,否（本书无此卷任何题）,结合材料，运用《哲学与文化》知识，谈谈文明何以成东城的内在气质。,设问点名:《哲学与文化》
必修四文化,BJ-2023-CY-ERMO-Q20(2),主观题,BJ-2023-CY-ERMO,否（本书无此卷任何题）,全球文明倡议提出“以文明交流超越文明隔阂、文明互鉴超越文明冲突、文明包容超越文明优越。”结合材料二，从文化角度，谈谈你对这句话的理解。（8 分）,设问点名:文化角度
必修四文化,BJ-2023-XC-YIMO-Q4,选择题,BJ-2023-XC-YIMO,否（本书无此卷任何题）,源档案向全球开放。用户可以下载素材进行再创作，将作品上传入库后能够获得认证和确权保护，以后别人使用入库作品，创作者还能获得“分红”。 “数字敦煌·开放素材库” ,词典判给本模块题肢3个；位置先验0.47；书稿已收:B2
必修四文化,BJ-2023-HD-QIZHONG-Q3,选择题,BJ-2023-HD-QIZHONG,否（本书无此卷任何题）,本原理同中国具体实际、同中华优秀传统文化相结合是必由之路。这是我们在探索中国特色社会主义道路中得出的规律性认识。”把马克思主义基本原理同中华优秀传统文化相结合 ,词典判给本模块题肢2个；位置先验0.31
必修四文化,BJ-2026-SJS-YIMO-Q5,选择题,BJ-2026-SJS-YIMO,是,、戏剧、曲艺和杂技； …… 属于非物质文化遗产组成部分的实物和场所，凡属文物的，适用《中华人民共和国文物保护法》的有关规定。 据此，下列选项正确的是（   ） ,词典判给本模块题肢3个；位置先验0.33；书稿已收:RE
必修四文化,BJ-2026-CP-ERMO-Q4,选择题,BJ-2026-CP-ERMO,否（本书无此卷任何题）,条化、笔画简化，再到秦统一文字后的规范发展，如今已成为纯粹的记号字。形虽不似马，但字的精魂仍在，其演变历程折射出汉字发展的内在规律。对此理解正确的是（   ） ,词典判给本模块题肢2个；位置先验0.46
必修四文化,BJ-2026-CP-QIMO-Q1,选择题,BJ-2026-CP-QIMO,否（本书无此卷任何题）,1. 北京市昌平区整合丰富的红色资源，推出四条红色旅游主题线路，下图为其中一条线路的示意图。游客在游览中追忆峥嵘岁月、重温革命历史，其意义在于（   ） ,词典判给本模块题肢1个；位置先验0.50
必修四文化,BJ-2026-SJS-QIMO-Q18(1),主观题,BJ-2026-SJS-QIMO,是,结合材料，运用《哲学与文化》知识，阐述开展“乡村非遗漫游”的现实意义。（8分）,设问点名:《哲学与文化》
选必一,BJ-2023-FT-YIMO-Q15,选择题,BJ-2023-FT-YIMO,否（本书无此卷任何题）,岛峰会宣言》。我国在峰会中提出，二十国集团成员都是世界和地区大国，应该体现大国担当，发挥表率作用，为各国谋发展，为人类谋福祉，为世界谋进步。材料表明（   ） ,词典判给本模块题肢3个；位置先验0.80
选必一,BJ-2023-FT-YIMO-Q21,主观题,BJ-2023-FT-YIMO,否（本书无此卷任何题）,结合材料，运用《当代国际政治与经济》知识，说明“一带一路”为什么能成为深受欢迎的国际合作平台。,设问点名:《当代国际政治与经济》
选必一,BJ-2023-FT-ERMO-Q1,选择题,BJ-2023-FT-ERMO,否（本书无此卷任何题）,握住历史发展规律和大势，抓住历史变革时机，奋发有为，我们就能够更好前进。我们党正是在把握历史规律、发扬历史主动精神中不断开创伟业的。党领导人民发扬历史主动精神 ,词典判给本模块题肢2个；位置先验0.08
选必一,BJ-2023-FT-ERMO-Q14,选择题,BJ-2023-FT-ERMO,否（本书无此卷任何题）,现代化之路》的主旨讲话。他从世界政党的共同责任出发，着眼人类社会现代化进程，系统阐述了中国共产党关于探索现代化道路的认识，提出了全球文明倡议。下列选项正确的是 ,词典判给本模块题肢1个；位置先验0.69
选必一,BJ-2023-FT-ERMO-Q15,选择题,BJ-2023-FT-ERMO,否（本书无此卷任何题）,发出中国青年的声音：“倡议为青年搭建更多对话合作平台，使青年更多参与到可持续发展活动当中，与全球青年伙伴一起分享创新智慧、传递青春能量、共话绿色未来。”这说明 ,词典判给本模块题肢1个；位置先验0.82；书稿已收:B2
选必一,BJ-2023-FT-ERMO-Q18(2),主观题,BJ-2023-FT-ERMO,否（本书无此卷任何题）,结合材料，运用《当代国际政治与经济》知识，分析我国是如何坚定不移地推进高水平对外开放的。（6分）,设问点名:《当代国际政治与经济》
选必一,BJ-2023-CY-YIMO-Q15,选择题,BJ-2023-CY-YIMO,否（本书无此卷任何题）,献。我们比以往更容易“上热搜”、被围观，但我们手中的麦克风还不够多，音量还不够响，世界舞台上还有不少“麦霸”，关于中国的噪音、杂音还不少。提升中国的国际话语权 ,词典判给本模块题肢2个；位置先验0.80
选必一,BJ-2023-DC-ERMO-Q20,主观题,BJ-2023-DC-ERMO,否（本书无此卷任何题）,结合材料，运用《当代国际政治与经济》知识，谈谈中国方案什么能够得到世,设问点名:《当代国际政治与经济》
选必一,BJ-2023-BJ-GAOKAO-Q19(2),主观题,BJ-2023-BJ-GAOKAO,是,结合材料，运用《当代国际政治与经济》知识，分析北京自由贸易试验区的上述措施如何助力国 际循环。（7 分）,设问点名:《当代国际政治与经济》；细则书名:B2/X1；书稿已收:B2
选必一,BJ-2023-CY-ERMO-Q11,选择题,BJ-2023-CY-ERMO,否（本书无此卷任何题）,想作为基层理论宣讲的主线，突出群众主体地位，立足基层实际，创新基层理论宣讲的方式，加强传播手段和语言方式的创新，有力推动党的创新理论“飞入寻常百姓家”。上述举措,词典判给本模块题肢2个；位置先验0.04；书稿已收:B3
选必一,BJ-2023-CY-ERMO-Q12,选择题,BJ-2023-CY-ERMO,否（本书无此卷任何题）,区的议事会、民主恳谈会、民主听证会到党代表、人大代表、政协委员联合进社区，从线下“圆桌会”到线上“议事群”，民主参与的形式不断丰富、渠道不断拓展。全过程人民民主,词典判给本模块题肢3个；位置先验0.04；书稿已收:B3
选必一,BJ-2023-CY-ERMO-Q15,选择题,BJ-2023-CY-ERMO,否（本书无此卷任何题）, 候选与其它角色另列下方各节。 15.主权国家和国际组织在处理国际性问题上发挥着重要作用，是当今国际社会日益重要的行为体。下列表述与现实情况和学科理论相符的是 ,词典判给本模块题肢3个；位置先验0.80
选必一,BJ-2023-CY-ERMO-Q20(1),主观题,BJ-2023-CY-ERMO,否（本书无此卷任何题）,结合自己的关注与感受，运用《当代国际政治与经济》知识，完成下表。（6 分）,设问点名:《当代国际政治与经济》
选必一,BJ-2024-HD-QIZHONG-Q12,选择题,BJ-2024-HD-QIZHONG,否（本书无此卷任何题）,望。实现中国梦，保证人民安居乐业，国家安全是头等大事。越是接近实现中华民族伟大复兴的目标，越是需要增强忧患意识，努力把保障国家安全各项工作抓实抓牢抓好。这说明 ,词典判给本模块题肢3个；位置先验0.14
选必一,BJ-2024-HD-QIZHONG-Q13,选择题,BJ-2024-HD-QIZHONG,否（本书无此卷任何题）,下列说法正确的是 【图】2024年1月至7月，全国各口岸入境外国人1725.4万人次，同比增长129.9%；签发口岸签证84.6万证次，同比上升182.9%。 ,词典判给本模块题肢2个；位置先验0.07
选必一,BJ-2024-HD-QIZHONG-Q14,选择题,BJ-2024-HD-QIZHONG,否（本书无此卷任何题）,书写出中国特色大国外交的新篇章。某班学生开展时事播报活动。下列表格中，解读与时事对应恰当的是 | 序号 | 时事 | 解读 | |---|---|---| | ,词典判给本模块题肢3个；位置先验0.47；书稿已收:B2
选必一,BJ-2024-HD-QIZHONG-Q15,选择题,BJ-2024-HD-QIZHONG,否（本书无此卷任何题）,15．亚太经合组织（,词典判给本模块题肢1个；位置先验0.64；书稿已收:B2
选必一,BJ-2024-HD-QIZHONG-Q21(2),主观题,BJ-2024-HD-QIZHONG,否（本书无此卷任何题）,结合材料，运用《当代国际政治与经济》知识，分析新中国外交的“变”与“不变”。（9分）,设问点名:《当代国际政治与经济》；书稿已收:B2
选必一,BJ-2023-HD-ERMO-Q13,选择题,BJ-2023-HD-ERMO,否（本书无此卷任何题）,经济金融领域、新兴领域、周边区域合作等方面的新机制新规则，加强国际社会应对资源能源安全、粮食安全、网络信息安全等全球性挑战的能力。下列与此议题相符合的观点是。 ,词典判给本模块题肢3个；位置先验0.08；书稿已收:B2
选必一,BJ-2023-DC-YIMO-Q19,主观题,BJ-2023-DC-YIMO,否（本书无此卷任何题）,结合材料，运用《经济与社会》和《当代国际政治与经济》知识，谈谈你对“投资中国就是投资未来”的认识。,设问点名:《经济与社会》/《当代国际政治与经济》；细则书名:B2/X1；书稿已收:B2
选必一,BJ-2023-DC-YIMO-Q12,选择题,BJ-2023-DC-YIMO,否（本书无此卷任何题）,来源：；原卷 SH,词典判给本模块题肢3个；位置先验0.04
选必一,BJ-2023-HD-YIMO-Q21(2),主观题,BJ-2023-HD-YIMO,否（本书无此卷任何题）,“讲故事”是国际文明交流的有效方式之一。运用《当代国际政治与经济》知识，借助“一带一路”倡议和实践，谈谈如何讲好中国和平发展的故事。（6分）,设问点名:《当代国际政治与经济》；细则书名:X1；书稿已收:B2
选必一,BJ-2023-XC-YIMO-Q8,选择题,BJ-2023-XC-YIMO,否（本书无此卷任何题）,是联合国“全球共享太空” 倡议的重要组成部分。中国与多个国家及联合国外空司、欧洲航天局等航天机构和组织签署了合作协议，实施了形式多样的合作项目。对此评价正确的是,词典判给本模块题肢3个；位置先验0.04
选必一,BJ-2023-XC-ERMO-Q15,选择题,BJ-2023-XC-ERMO,否（本书无此卷任何题）,。 15．服务贸易日益成为对外贸易发展的新引擎、深化对外开放的新动力。 原题图表（原图 WMF，须与题面同版保留）：Q15_chart.wmf。原件路径：；SH,词典判给本模块题肢2个；位置先验0.82；书稿已收:B2
选必一,BJ-2023-HD-QIZHONG-Q14,选择题,BJ-2023-HD-QIZHONG,否（本书无此卷任何题）,内涵。10年来，“一带一路”倡议从谋篇布局的“大写意”发展为精谨细腻的“工笔画”，成为最受欢迎的国际公共产品和最大规模的国际合作平台。这是因为“一带一路”倡议 ,词典判给本模块题肢1个；位置先验0.50
选必一,BJ-2023-HD-QIZHONG-Q15,选择题,BJ-2023-HD-QIZHONG,否（本书无此卷任何题）,"员达成一致，邀请非洲联盟（非盟）成为正式成员。非盟55个成员国一直争取在全球机构中发挥有意义的作用,非盟加入二十国集团是非洲成为全球性力量的重要一步。这意味着 ",词典判给本模块题肢1个；位置先验0.67
选必一,BJ-2023-HD-QIZHONG-Q16,主观题,BJ-2023-HD-QIZHONG,否（本书无此卷任何题）,结合材料，运用《中国特色社会主义》和《当代国际政治与经济》知识，分析资本主义与社会主义的关系。,设问点名:《中国特色社会主义》/《当代国际政治与经济》
选必一,BJ-2023-HD-QIZHONG-Q23,主观题,BJ-2023-HD-QIZHONG,否（本书无此卷任何题）,结合材料，运用《当代国际政治与经济》知识，谈谈你对“中国的责任与担当”的理解。,设问点名:《当代国际政治与经济》
选必一,BJ-2024-DC-YIMO-Q15,选择题,BJ-2024-DC-YIMO,是,太平洋扇区长期观测的空白，与长城站、中山站、昆仑站、泰山站一起，构成南极观测网，为我国和全世界科学工作者持续探索自然奥秘、勇攀科学高峰提供有力保障。建设秦岭站 ,词典判给本模块题肢1个；位置先验0.80；书稿已收:CU/PH
选必一,BJ-2024-HD-YIMO-Q8,选择题,BJ-2024-HD-YIMO,是,议，及时向有关主管机关或其他有关单位发送司法建议书，变定分止争、化解矛盾为提前预防、综合治理，努力做到“抓末端，治已病；抓前端，治未病”。可见，司法建议的提出 ,词典判给本模块题肢2个；位置先验0.04；书稿已收:B3
选必一,BJ-2024-FT-YIMO-Q20,主观题,BJ-2024-FT-YIMO,是,DF S5f5486bfc3ba p6）符号/字面的客观差异，不是候选转写误差；题面仍以原卷 S4800d0b858f 为准，符号用“❖”、文字用“意向协议”。,细则书名:X1；书稿已收:B2
选必一,BJ-2024-FT-ERMO-Q2,选择题,BJ-2024-FT-ERMO,是,0后”甚至“00后”青年党员主打的宣讲团队，用小切口、身边事讲述着党的创新理论，让越来越多年轻人与新思想碰出火花、产生共鸣。让有信仰的青年来讲信仰，其意义在于 ,词典判给本模块题肢4个；位置先验0.02；书稿已收:B3/CU
选必一,BJ-2024-FT-ERMO-Q9,选择题,BJ-2024-FT-ERMO,是,9．没有民主就没有社会主义，就没有社会主义的现代化。对此，以下判断正确的是 ,词典判给本模块题肢4个；位置先验0.09；书稿已收:RE
选必一,BJ-2024-SJS-YIMO-Q19(2),主观题,BJ-2024-SJS-YIMO,是,结合材料，运用《当代国际政治与经济》知识，分析中国新能源汽车企业从“走 出去”到“扎下根”的原因。（8 分）,设问点名:《当代国际政治与经济》
选必一,BJ-2025-FT-ERMO-Q2,选择题,BJ-2025-FT-ERMO,是,社区干 部开展 单位的办理和答 复情况问题                                   议事活动        及时进行评价这一工作制度,词典判给本模块题肢2个；位置先验0.02；书稿已收:B3
选必一,BJ-2025-HD-ERMO-Q13,选择题,BJ-2025-HD-ERMO,是,13. 学习逻辑思维有助于提升我们的思维水平。某同学将逻辑思维规则运用到《当代国际政治与 经济》的学习过程中。下列表述正确的是 ,解析点名:RE/X1；词典判给本模块题肢3个；位置先验0.08；书稿已收:RE
选必一,BJ-2025-DC-QIMO-Q20,主观题,BJ-2025-DC-QIMO,是,运用《当代国际政治与经济》知识，写一篇短文，谈谈你对上述材料的认识。,设问点名:《当代国际政治与经济》；细则书名:X1；书稿已收:B2
选必一,BJ-2025-DC-QIMO-Q2,选择题,BJ-2025-DC-QIMO,是,邓小平同志是改革开放的总设计师，以他为主创立的邓小平理论，深刻回答了什么是社会主义、怎样 建设社会主义这一根本问题，深刻揭示了社会主义本质。邓小平理论（  ） ,考查语:X1；词典判给本模块题肢1个
选必一,BJ-2025-HD-QIZHONG-Q12,选择题,BJ-2025-HD-QIZHONG,否（本书无此卷任何题）,梦，保证人民安居乐业，国家安全是头等大事。 越是接近实现中华民族伟大复兴的目标，越是需要增强忧患意识，努力把保障国家安全各项工作抓实抓牢抓好。这说明（   ） ,词典判给本模块题肢3个；位置先验0.14
选必一,BJ-2025-HD-QIZHONG-Q13,选择题,BJ-2025-HD-QIZHONG,否（本书无此卷任何题）,时过境免签等一系列便利外国人来华政策措施，吸引了更多外国游客来到中国。越来越多外国游客通过短视频、社交平台分享中国游的体验。下列说法正确的是（       ） ,词典判给本模块题肢2个；位置先验0.12
选必一,BJ-2025-HD-QIZHONG-Q15,选择题,BJ-2025-HD-QIZHONG,否（本书无此卷任何题）,本节只放原卷角色的原生文字层；OCR 候选与其它角色另列下方各节。 15. 亚太经合组织（,词典判给本模块题肢1个；位置先验0.67
选必一,BJ-2026-FT-YIMO-Q19,主观题,BJ-2026-FT-YIMO,是,结合材料，运用《当代国际政治与经济》知识，说明中国在全球可持续发展中彰显了怎样的大国情怀与担当。,设问点名:《当代国际政治与经济》
选必一,BJ-2026-YQ-YIMO-Q19(2),主观题,BJ-2026-YQ-YIMO,是,结合材料二，运用《当代国际政治与经济》知识，说明中国“推动重塑全球能源治理格局”的,设问点名:《当代国际政治与经济》
选必一,BJ-2026-FS-YIMO-Q4,选择题,BJ-2026-FS-YIMO,是,文章，原创的区域经 济研究成果数量依然较少，“十五五”规划建议提出“创新实施马克思主义理论研究 和建设工程，加快构建中国哲学社会科学自主知识体系”。对此，需要 ,词典判给本模块题肢3个；位置先验0.08；书稿已收:CU/PH
选必一,BJ-2026-TZ-YIMO-Q15,选择题,BJ-2026-TZ-YIMO,是,改造、乡村振兴等重 点工作进展。干部用百姓话讲实在事，现场解答老旧小区加装电梯、停车位改造等民生关 切，形成了群众出题、干部答题、大家评题的治理闭环。这一举措 ,词典判给本模块题肢2个；位置先验0.82；书稿已收:B3
选必一,BJ-2026-TZ-YIMO-Q19,主观题,BJ-2026-TZ-YIMO,是,结合材料，运用《当代国际政治与经济》知识，分析中国元首外交如何为世界注人稳定性,设问点名:《当代国际政治与经济》
选必一,BJ-2026-MTG-YIMO-Q1,选择题,BJ-2026-MTG-YIMO,是,。 | 中共中央在香山时期，指挥渡江战役、解放全中国，筹备中国人民政治协商会议，起草《中国人民政治协商会议共同纲领》。 | 对上述历史事件的意义，表述正确的有 ,词典判给本模块题肢2个；位置先验0.08；书稿已收:CU
选必一,BJ-2026-CP-ERMO-Q15,选择题,BJ-2026-CP-ERMO,否（本书无此卷任何题）,生能源、节能环保、清洁生产等领域优势，运用中国技术、产品和经验，推动绿色“一带一路”合作蓬勃发展，为当地可持续发展贡献力量。这说明，共建“一带一路”（   ） ,词典判给本模块题肢1个；位置先验0.80
选必一,BJ-2026-CP-ERMO-Q21,主观题,BJ-2026-CP-ERMO,否（本书无此卷任何题）,结合材料，运用《当代国际政治与经济》知识，自拟题目，撰写一篇短评。要求：观点明确，逻辑清晰，论述合理，150字左右。,设问点名:《当代国际政治与经济》；细则书名:X1
选必一,BJ-2026-CY-ERMO-Q20(2),主观题,BJ-2026-CY-ERMO,是,"结合材料,运用《当代国际政治与经济》知识，分析人类命运共同体理念为什么能维护世界和平与发展。(6分)",设问点名:《当代国际政治与经济》；细则书名:X1
选必一,BJ-2026-SJS-ERMO-Q18,主观题,BJ-2026-SJS-ERMO,是,结合材料，运用《当代国际政治与经济》知识，分析中国与东盟经贸合作能够提质升级的原因。,设问点名:《当代国际政治与经济》
选必一,BJ-2026-XC-ERMO-Q19(2),主观题,BJ-2026-XC-ERMO,是,结合材料，运用《当代国际政治与经济》知识，为释放数据价值、繁荣数字经济提2条建议，并说明理由。（4分）,设问点名:《当代国际政治与经济》；细则书名:X1
选必一,BJ-2026-SY-ERMO-Q20,主观题,BJ-2026-SY-ERMO,是,结合材料，运用《当代国际政治与经济》知识，谈谈对“今天的中国，明天的世界”的,设问点名:《当代国际政治与经济》
选必一,BJ-2026-SY-ERMO-Q9,选择题,BJ-2026-SY-ERMO,是,留言中，有不少真知灼见：“推动城乡产业融合发展”“搭建人工智能高素 质人才对外交流平台”“推动传统文化走进校园”… “十五五”规划编制工作开展网络征求意见活动 ,词典判给本模块题肢2个；位置先验0.09；书稿已收:B3
选必一,BJ-2026-DC-QIMO-Q7,选择题,BJ-2026-DC-QIMO,是,本节只放原卷角色的原生文字层；OCR 候选与其它角色另列下方各节。 7. 某高中举办“科技+体育”运动会，设置四大项目：“,词典判给本模块题肢2个；书稿已收:RE
选必一,BJ-2026-FT-QIMO-Q20,主观题,BJ-2026-FT-QIMO,否（本书无此卷任何题）,目党的二十大报告提出，中国推动构建新型国际关系，致力于扩大同各国利益的汇合点。结合材料，运用《当代国际政治与经济》知识，阐释“五大工程”如何扩大中拉利益汇合点。,设问点名:《当代国际政治与经济》；细则书名:X1；书稿已收:MI
选必一,BJ-2026-FT-QIMO-Q14,选择题,BJ-2026-FT-QIMO,否（本书无此卷任何题）,“二线”加强监管一阻断金融风险一防止国家税收流失 ③海南岛内要素自由流通一激发企业活力一增冊企业盈利 ④海南自由贸易港全岛封关一创新制度型开放一统筹发展与安全 ,词典判给本模块题肢1个；位置先验0.53；书稿已收:B2
选必一,BJ-2026-CP-QIMO-Q14,选择题,BJ-2026-CP-QIMO,否（本书无此卷任何题）,过，将拍摄的作物叶片颜色、土壤湿度情况等数据传输至中央决策平台，生成精准的施肥、灌溉方案。<br>◆⋯⋯ | | --- | 对上述材料分析正确的是（   ） ,词典判给本模块题肢2个；位置先验0.50
选必一,BJ-2026-CP-QIMO-Q15,选择题,BJ-2026-CP-QIMO,否（本书无此卷任何题）,中国智慧与中国方案，提出全球治理倡议。该倡议的核心原则是奉行主权平等、遵守国际法治、践行多边主义、倡导以人为本、注重行动导向。据此，下列说法正确的是（   ） ,词典判给本模块题肢4个；位置先验0.67
选必一,BJ-2026-CP-QIMO-Q20(2),主观题,BJ-2026-CP-QIMO,否（本书无此卷任何题）,结合材料，运用《当代国际政治与经济》知识，分析北京“两区”建设的措施何以彰显我国国际竞争优势。,设问点名:《当代国际政治与经济》
选必一,BJ-2026-HD-QIZHONG-Q9,选择题,BJ-2026-HD-QIZHONG,是,的思考，12岁的“小钓友”提出了增加亲水垂钓区、改善水生态的建议。一老一少的建言里，藏着对首都“蓝天碧水”与“民生温度”的共同期待。“十五五”规划建言征集活动 ,词典判给本模块题肢4个；位置先验0.06；书稿已收:B3/PH
选必一,BJ-2026-SJS-QIMO-Q19(2),主观题,BJ-2026-SJS-QIMO,是,结合材料二，运用《当代国际政治与经济》知识，阐明中国关于人工智能全球治理的主张为何能得到国际社会的广泛共鸣。（8分）,设问点名:《当代国际政治与经济》
选必一,BJ-2026-BJ-GAOKAO-Q20,主观题,BJ-2026-BJ-GAOKAO,否（本书无此卷任何题）,结合材料，运用《当代国际政治与经济》知识，分析我国软法影响全球数据治理的原因及路径。,设问点名:《当代国际政治与经济》；细则书名:X1；书稿已收:B2
选必一,BJ-2026-BJ-GAOKAO-Q14,选择题,BJ-2026-BJ-GAOKAO,否（本书无此卷任何题）,关系】 GNI（国民总收入） ＝GDP（国内生产总值） ＋ 本国从国外获得的投资和劳务收入 － 外国从本国获得的投资和劳务收入 结合以上材料，以下分析正确的是 ,词典判给本模块题肢1个；位置先验0.65；书稿已收:B2
选必一,BJ-2026-BJ-GAOKAO-Q15,选择题,BJ-2026-BJ-GAOKAO,否（本书无此卷任何题）,治疗项目…… “汉语桥”比赛增进中古文化交流 【拉美社哈瓦那5月15日电】2026年“汉语桥”世界大、中学生中文比赛古巴赛区决赛15日在古巴哈瓦那成功举办…… ,词典判给本模块题肢2个；位置先验0.77
选必一,BJ-2023-XC-ERMO-Q14,选择题,BJ-2023-XC-ERMO,否（本书无此卷任何题）,工。施工人员中，本地人占80%，中方员工占20%。此外，优秀员工还会被送到中国基地接受技术和管理方面的培训。 据此，当地政府选择中国公司的原因可能在于中方坚持 ,词典判给本模块题肢1个；位置先验0.71；书稿已收:B2
选必一,BJ-2024-SY-ERMO-Q18,主观题,BJ-2024-SY-ERMO,是,结合材料，运用《政治与法治》和《当代国际政治与经济》知识，说明我国人民代表大会制度是如何发挥优势回应百姓关切的。,设问点名:《政治与法治》/《当代国际政治与经济》；书稿已收:B3
选必一,BJ-2023-HD-YIMO-Q14,选择题,BJ-2023-HD-YIMO,否（本书无此卷任何题）,点，逐字加点强调考生本题为反向选择；原始PDF文本层将该强调符号解析为三个孤立数字“4”，属抽取伪影，非原文内容，已核对页面图确认为着重标记而非文字“4”。） ,词典判给本模块题肢2个；位置先验0.71；书稿已收:B2
选必一,BJ-2023-HD-YIMO-Q15,选择题,BJ-2023-HD-YIMO,否（本书无此卷任何题）,%，可再生能源发电装机突破10亿千瓦，占总发电装机容量的44.8%，其中水电、风电、光伏发电装机均超3亿千瓦，均居世界第一。 从上述图表和信息中，我们可以读出 ,词典判给本模块题肢1个；位置先验0.82；书稿已收:B2
选必一,BJ-2026-FT-ERMO-Q20,主观题,BJ-2026-FT-ERMO,是,结合材料，运用《当代国际政治与经济》知识，阐明中国加快推进自由贸易试验,设问点名:《当代国际政治与经济》
选必二,BJ-2023-FT-YIMO-Q13,选择题,BJ-2023-FT-YIMO,否（本书无此卷任何题）,13．王某通过,词典判给本模块题肢2个；位置先验0.08；书稿已收:B2
选必二,BJ-2023-FT-YIMO-Q14,选择题,BJ-2023-FT-YIMO,否（本书无此卷任何题）,14．十年来，人民群众对我国知识产权保护工作的满意度不断提高，知识产权保护意识不断增强。下列有关知识产权的说法，正确的是（   ） ,词典判给本模块题肢2个；位置先验0.04
选必二,BJ-2023-FT-ERMO-Q12,选择题,BJ-2023-FT-ERMO,否（本书无此卷任何题）,的用益物权，以满足生活居住的需要。 第三百六十八条　居住权无偿设立，但是当事人另有约定的除外。设立居住权的，应当向登记机构申请居住权登记。居住权自登记时设立。 ,词典判给本模块题肢3个；位置先验0.14
选必二,BJ-2023-CY-YIMO-Q11,选择题,BJ-2023-CY-YIMO,否（本书无此卷任何题）,比（见右图）指总体人口中非劳动年龄人口数与劳动年龄人口数之比，通常用百分比表示，说明每100名劳动年龄人口大致要负担多少名非劳动年龄人口。根据材料，可以推断出 ,词典判给本模块题肢1个；位置先验0.69；书稿已收:B2
选必二,BJ-2023-CY-YIMO-Q19(2),主观题,BJ-2023-CY-YIMO,否（本书无此卷任何题）,结合本案，运用《法律与生活》知识，简要说明民事主体应如何正确行使诉讼权利。（6 分）,设问点名:《法律与生活》
选必二,BJ-2023-DC-ERMO-Q10,选择题,BJ-2023-DC-ERMO,否（本书无此卷任何题）,开展研究，在广泛走访、收集数据的基础上，模拟撰写了《关于引导中学生正确使用 学习辅导软件的提案》，由政协委员提交给北京市政协十四届一次会议。学生模拟 政协提案 ,词典判给本模块题肢1个；位置先验0.62；书稿已收:B3
选必二,BJ-2023-DC-ERMO-Q11,选择题,BJ-2023-DC-ERMO,否（本书无此卷任何题）,的看法。 智能监控生成大量的人脸、人体运动等数据，会有安全风险。 技术的发展为养老问题提供新的解决方案，但线下的陪伴 不能被屏幕代替。 对此，下列观点正确的是 ,词典判给本模块题肢1个；位置先验0.69；书稿已收:B2
选必二,BJ-2023-DC-ERMO-Q12,选择题,BJ-2023-DC-ERMO,否（本书无此卷任何题）,假冒“阳山水 蜜桃”。阳山桃农协会购买了“地理标志被侵权损失保险”。在保险资金支持下，该 协会起诉多起涉阳山水蜜桃侵权案，并得以成功维权⋯•⋯为知识产权上保险 ,词典判给本模块题肢4个；位置先验0.14；书稿已收:B2
选必二,BJ-2022-BJ-GAOKAO-Q12,选择题,BJ-2022-BJ-GAOKAO,是,积极参与 了条约的谈判过程，是首批签署方之一。2021 年 10 月，全国人大常委会批准了该条约。目前，条约已对我国生 效。就上述事实，下列说法正确的是（ ） ,词典判给本模块题肢3个；位置先验0.17；书稿已收:B3/CU/X1
选必二,BJ-2023-CY-ERMO-Q3,选择题,BJ-2023-CY-ERMO,否（本书无此卷任何题）,寄件人姓名 应隐藏 1 个汉字以上，联系电话应隐藏 6 位以上，地址应隐藏单元户室号；推荐对个人信 息进行全加密处理，规范个人信息相关内容的读取权限。这些规定 ,词典判给本模块题肢3个；位置先验0.02
选必二,BJ-2023-CY-ERMO-Q13,选择题,BJ-2023-CY-ERMO,否（本书无此卷任何题）,款，其独生女儿长期在国外生活。王先生的妻子去世后，王先生和侄子到公证处以书面形式签订成年意定监护协议，并以自书遗嘱的方式将房产和存款均留给侄子。下列说法正确的是,词典判给本模块题肢4个；位置先验0.08
选必二,BJ-2023-CY-ERMO-Q14,选择题,BJ-2023-CY-ERMO,否（本书无此卷任何题）,加了日内瓦国际发明展并荣获大奖。升入高中以后，她又完成了一项关于智能插座的发明，准备和一家企业合作，把这项发明转化为产品。对于可行的保护措施，下列说法正确的是 ,词典判给本模块题肢2个；位置先验0.04
选必二,BJ-2024-HD-QIZHONG-Q10,选择题,BJ-2024-HD-QIZHONG,是,人等用户合法权益的； （二）网络暴力信息侵犯用户个人隐私的； （三）若不及时采取措施，可能造成用户人身、财产损害等严重后果的其他情形。 根据上述条款，可以推断 ,词典判给本模块题肢1个；位置先验0.50；书稿已收:B2/B3
选必二,BJ-2023-DC-YIMO-Q17,主观题,BJ-2023-DC-YIMO,否（本书无此卷任何题）,结合材料，运用《政治与法治》和《法律与生活》知识，分析北京市是如何通过城市更新打造高品质活力空间的。,设问点名:《政治与法治》/《法律与生活》；细则书名:B3/X2；书稿已收:B2/B3
选必二,BJ-2023-DC-YIMO-Q10,选择题,BJ-2023-DC-YIMO,否（本书无此卷任何题）,来源：；原卷 SH,词典判给本模块题肢2个；位置先验0.61
选必二,BJ-2023-DC-YIMO-Q11,选择题,BJ-2023-DC-YIMO,否（本书无此卷任何题）,来源：；原卷 SH,词典判给本模块题肢3个；位置先验0.69；书稿已收:B2/B3
选必二,BJ-2023-DC-YIMO-Q12,选择题,BJ-2023-DC-YIMO,否（本书无此卷任何题）,来源：；原卷 SH,词典判给本模块题肢2个；位置先验0.14
选必二,BJ-2023-XC-YIMO-Q19(1),主观题,BJ-2023-XC-YIMO,否（本书无此卷任何题）,运用法律知识，分析法院对本案的判决结果。（6 分）,设问点名:法律知识；书稿已收:B2
选必二,BJ-2023-XC-YIMO-Q19(2),主观题,BJ-2023-XC-YIMO,否（本书无此卷任何题）,从法律角度，谈谈你对“诚信”价值的理解。（3 分）,设问点名:法律角度；书稿已收:B2
选必二,BJ-2023-XC-YIMO-Q14,选择题,BJ-2023-XC-YIMO,否（本书无此卷任何题）,- 第1行：左框 ↔ 右框 - 第2行：左框 ↔ 右框 - 第3行：左框 ↔ 右框 - 图中除两列标题、六个方框文字和三条双向箭头外，无其他文字、图例或坐标。 ,词典判给本模块题肢4个；位置先验0.04
选必二,BJ-2023-XC-YIMO-Q15,选择题,BJ-2023-XC-YIMO,否（本书无此卷任何题）,比特币、以太币等虚拟货币具有非货币当局发行、使用加密技术及分布式账户或类似技术、以数字化形式存在等主要特点，不具有法偿性，不应且不能作为货币在市场上流通使用。 ,词典判给本模块题肢4个；位置先验0.02
选必二,BJ-2023-XC-ERMO-Q10,选择题,BJ-2023-XC-ERMO,否（本书无此卷任何题）,“噪音扰民”诉前禁止令，要求被申请人停止制造噪声。至今，各地法院已发出多个环保禁止令，涵盖了与百姓生活息息相关的水、大气、噪声等各类环境要素。此类司法之“令” ,词典判给本模块题肢2个；位置先验0.62；书稿已收:B2/B3
选必二,BJ-2023-XC-ERMO-Q11,选择题,BJ-2023-XC-ERMO,否（本书无此卷任何题）,书和版权日”，明确了这个世界性节日关于图书出版和版权保护的内容。全媒体时代，作品获取难度的降低给人们带来了便利，但问题也变得愈发复杂。关于著作权的理解正确的是 ,词典判给本模块题肢4个；位置先验0.69；书稿已收:B2
选必二,BJ-2024-XC-ERMO-Q10,选择题,BJ-2024-XC-ERMO,是,10．人工智能作为最具颠覆性的新兴技术之一，会不会打开“潘多拉魔盒”？当前，国际社会迫切需要加强人工智能治理。下列观点合理的是 ,词典判给本模块题肢3个；位置先验0.62；书稿已收:B2/X1
选必二,BJ-2025-CY-YIMO-Q3,选择题,BJ-2025-CY-YIMO,是,本完成更复杂的任务，颠覆了全球算力市场，大幅降低了大模型对芯片性能的需求。同时，该公司公开源代码，有利于技术普及，为全球人工智能发展注入活力。下列说法正确的是 ,词典判给本模块题肢3个；位置先验0.02；书稿已收:B2/PH
选必二,BJ-2025-HD-YIMO-Q11,选择题,BJ-2025-HD-YIMO,是,．小海与小淀喜欢用短视频记录生活，由于视频内容有趣、形式新颖，两人账号粉丝量迅速增长。他们决定创办一家企业，全职经营互联网业务。关于两人的创业，下列观点合理的是,词典判给本模块题肢1个；位置先验0.67
选必二,BJ-2025-XC-YIMO-Q15,选择题,BJ-2025-XC-YIMO,是,它角色另列下方各节。 15．在外交部的例行记者会上，有记者就“人工智能治理被列为 2025 年金砖国家领导人峰会的讨论内容” 提问。下列回应中，符合中国主张的是,词典判给本模块题肢3个；位置先验0.02；书稿已收:X1
选必二,BJ-2025-MTG-YIMO-Q6,选择题,BJ-2025-MTG-YIMO,是,本节只放原卷角色的原生文字层；OCR 候选与其它角色另列下方各节。 6. 关于 ,词典判给本模块题肢3个；位置先验0.08；书稿已收:PH
选必二,BJ-2025-HD-QIZHONG-Q10,选择题,BJ-2025-HD-QIZHONG,否（本书无此卷任何题）,（二）网络暴力信息侵犯用户个人隐私的； （三）若不及时采取措施，可能造成用户人身、财产损害等严重后果的其他情形。 根据上述条款，可以推断（         ） ,词典判给本模块题肢1个；位置先验0.50
选必二,BJ-2026-YQ-YIMO-Q2,选择题,BJ-2026-YQ-YIMO,是,当下，许多传统由人类直接完成的劳动任务，如今部分或全部由智能机器替代执行。例如，智能工厂里的机械臂精准完成产品组装，智能客服自动处理大量客户咨询等。这一现象表明,词典判给本模块题肢4个；书稿已收:B2/PH
选必二,BJ-2026-YQ-YIMO-Q11,选择题,BJ-2026-YQ-YIMO,是,5 年是我国全民普法四十周年。自“一五”普法启动以来，我国普法工作从“法律扫盲”逐步迈向“观念培育”与“精准治理”，实现了内涵与实效的深度升级。下列表述正确的是,词典判给本模块题肢1个；位置先验0.69；书稿已收:B3/CU
选必二,BJ-2026-HD-YIMO-Q9,选择题,BJ-2026-HD-YIMO,是,，其中，民事类咨询主要涉及与日常生活密切相关的劳动争议、 越呼入慈量 223万＋ 群众滿意車 99.71% 合同纠纷、婚姻家庭继承纠纷等问题。该平台的高效运行 ,词典判给本模块题肢2个；位置先验0.13；书稿已收:B3
选必二,BJ-2026-SJS-YIMO-Q6,选择题,BJ-2026-SJS-YIMO,是,但并非所有具有身体的人工智能都是具身智能，只有那些能像人一样感知、学习的人工智能，才能称之为具身智能。如果材料内容为真，下列推断必然正确的是（       ） ,词典判给本模块题肢4个；位置先验0.08；书稿已收:MI/RE
选必二,BJ-2026-TZ-YIMO-Q11,选择题,BJ-2026-TZ-YIMO,是, 应由乡镇政府管”为由不予立案。李某不服，向人民法院提起行政诉讼。法院审理认为，占 用耕地建房属于土地违法行为，这规自局具有法定查处职责，责令限期履职。本案中 ,词典判给本模块题肢1个；位置先验0.67；书稿已收:B3
选必二,BJ-2026-CP-ERMO-Q10,选择题,BJ-2026-CP-ERMO,否（本书无此卷任何题）,包费过低，与王某协商上调承包费用未果后，阻挠耕种并单方宣布解除合同。王某诉至法院，要求确认解除合同行为无效并继续履行合同。结合本案，法院作出如下判决（   ） ,词典判给本模块题肢4个；位置先验0.61
选必二,BJ-2026-CP-ERMO-Q11,选择题,BJ-2026-CP-ERMO,否（本书无此卷任何题）,11. 以和为贵，善用调解。调解是化解民间纠纷、促进社会和谐的重要途径。下列做法符合法律规定的是（   ） ,词典判给本模块题肢4个；位置先验0.67
选必二,BJ-2026-CP-ERMO-Q18,主观题,BJ-2026-CP-ERMO,否（本书无此卷任何题）,结合材料，运用《法律与生活》知识，分析该文化传媒有限公司的行为侵犯了哪些民事主体的合法权益，并说明其侵权行为的法律依据及应承担的法律责任。,设问点名:《法律与生活》；细则书名:X2
选必二,BJ-2026-FT-QIMO-Q19,主观题,BJ-2026-FT-QIMO,是,结合材料，运用《法律与生活》知识，分析本案判决的社会价值。,设问点名:《法律与生活》；细则书名:X2；书稿已收:B2
选必二,BJ-2026-CP-QIMO-Q10,选择题,BJ-2026-CP-QIMO,否（本书无此卷任何题）,10. 遗嘱关乎财富与爱的传承，普及遗嘱是社会共同责任。下列说法正确的是（   ） ,词典判给本模块题肢4个；位置先验0.53
选必二,BJ-2026-CP-QIMO-Q11,选择题,BJ-2026-CP-QIMO,否（本书无此卷任何题）,载的总课节数均摊计算。双方协商未果，诉至法院。法院会同市场监管部门联合调解，最终促成俱乐部按照29节的剩余课时完成退费，化解了纠纷。下列分析正确的是（   ） ,词典判给本模块题肢4个；位置先验0.47；书稿已收:B3
选必二,BJ-2026-CP-QIMO-Q18,主观题,BJ-2026-CP-QIMO,否（本书无此卷任何题）,结合上述案例，运用《法律与生活》知识，分析法院作出上述判决的法理依据，并说明该判决对虚拟数字人产业发展的法治价值。,设问点名:《法律与生活》
选必二,BJ-2026-HD-QIZHONG-Q5,选择题,BJ-2026-HD-QIZHONG,否（本书无此卷任何题）,与其它角色另列下方各节。 5.近年来，中国潮玩热卖全球，国产影视走红海外……中国文化产品正以多元姿态“逐浪出海”。为更好地实现中国文化产品“逐浪出海”，企业应 ,词典判给本模块题肢2个；书稿已收:B2/CU/X1
选必二,BJ-2026-XC-QIMO-Q13,选择题,BJ-2026-XC-QIMO,是, | 其他 | 2.6 | 注：专利产业化是运用专利技术生产产品并投放市场的过程，是企业增强创新能力、赢得竞争优势的有效途径。 针对上述资料，下列分析正确的是 ,词典判给本模块题肢3个；位置先验0.20；书稿已收:B2
选必二,BJ-2026-SJS-QIMO-Q12,选择题,BJ-2026-SJS-QIMO,是,张某对王某的跌倒存在重大过错，应至少承担60%责任。于2023年5月诉至法院，请求判令被告张某赔偿医疗费、死亡赔偿金等共计人民币60余万元。对此案分析正确的是 ,词典判给本模块题肢4个；位置先验0.33
选必二,BJ-2024-SY-ERMO-Q8,选择题,BJ-2024-SY-ERMO,是,院作为公共利益的代表，对违反法律规定，侵犯国家利益或社会公共利益的行为，督促行政机关依法履行监督管理职责，支持合格的当事人依法行使公益诉权的法律制度。 这表明 ,词典判给本模块题肢2个；位置先验0.06；书稿已收:B3
选必三思维,BJ-2023-FT-YIMO-Q19,主观题,BJ-2023-FT-YIMO,否（本书无此卷任何题）,运用创新思维，谈谈如何优化城市慢行系统。,设问点名:创新思维
选必三思维,BJ-2023-FT-ERMO-Q22,主观题,BJ-2023-FT-ERMO,否（本书无此卷任何题）,运用科学思维相关知识，谈谈如何让中国式现代化故事既有“国际范儿”，又有“中国味儿”。,设问点名:科学思维
选必三思维,BJ-2024-CY-ERMO-Q7,选择题,BJ-2024-CY-ERMO,是,7. 科学思维离不开逻辑。下列表述中，合乎逻辑的是 ,设问问法:MI/RE；解析点名:MI；位置先验0.32；书稿已收:RE
选必三思维,BJ-2023-CY-ERMO-Q7,选择题,BJ-2023-CY-ERMO,否（本书无此卷任何题）,和从前的小说叙好人完全是好，坏人完全是坏的，大不相同，所以其中所叙的人物，都是真的人物。总之自有《红楼梦》出来以后，传统的思想和写法都打破了。”下列说法正确的是,词典判给本模块题肢2个；位置先验0.33
选必三思维,BJ-2023-HD-ERMO-Q21(1),主观题,BJ-2023-HD-ERMO,否（本书无此卷任何题）,结合材料一，运用《逻辑与思维》知识，说明让沙特和伊朗“握手言和”是如何体现科 学思维的。 （6 分）,设问点名:《逻辑与思维》
选必三思维,BJ-2023-HD-ERMO-Q4,选择题,BJ-2023-HD-ERMO,否（本书无此卷任何题）,老字号自身难以适应竞争，逐渐衰落。中共中央、国务院印发《质量强国建设纲要》，提出要全面提高我国质量总体水平，打造中国精品和“百年老店”。打造“百年老店”可以。 ,词典判给本模块题肢4个；位置先验0.11
选必三思维,BJ-2023-HD-YIMO-Q20(1),主观题,BJ-2023-HD-YIMO,否（本书无此卷任何题）,结合材料，说明《复兴文库》的编纂是如何体现辩证思维的。（6分）,设问点名:辩证思维；细则书名:MI/RE
选必三思维,BJ-2023-XC-YIMO-Q13,选择题,BJ-2023-XC-YIMO,否（本书无此卷任何题）,造成“白色污染”。某科研团队从学科交叉融合的视角开展研究，成功地把秸秆引入地膜降解，研发出秸塑复合生物降解地膜，实现了秸秆的高效利用和地膜降解的低成本。这表明 ,词典判给本模块题肢3个；位置先验0.12
选必三思维,BJ-2023-XC-ERMO-Q21(1),主观题,BJ-2023-XC-ERMO,否（本书无此卷任何题）,从超前思维的角度，解释我国是如何提高气象预报准确率的。（8分）,设问点名:超前思维
选必三思维,BJ-2024-DC-YIMO-Q6,选择题,BJ-2024-DC-YIMO,是,框、箭头和版面关系以页图为准。 6. 科学思维要符合认识规律、遵循逻辑规则。下列分析正确的是 | 选项 | 语句 | 分析 | |---|---|---| | ,设问问法:MI/RE；解析点名:MI；位置先验0.30；书稿已收:RE
选必三思维,BJ-2024-HD-YIMO-Q2,选择题,BJ-2024-HD-YIMO,是,接通信，可以帮助人类实现“心想物来”。近日，我国在脑机接口领域取得新进展，成功帮助四肢截瘫患者实现意念控制电脑光标移动、控制气动手套完成自主喝水等活动。这说明 ,词典判给本模块题肢2个；位置先验0.08；书稿已收:PH
选必三思维,BJ-2024-FT-YIMO-Q10,选择题,BJ-2024-FT-YIMO,是,振动的整倍数的启发，做了原子跃迁的基频与次频的实验；化学家纽兰兹受音阶 的启示而发现了元素按原子量递增的排序规律，从而创造了元素周期的“八音律”表。这启示我们 ,词典判给本模块题肢3个；位置先验0.04
选必三思维,BJ-2024-FT-ERMO-Q13,选择题,BJ-2024-FT-ERMO,是,看清比赛，但大家都站起来就谁也看不清了；只有一个家庭购买轿车会大大方便出行，而当所有的家庭都拥有了自己的私家车之后，道路上可能车满为患……应对“合成谬误”需要 ,词典判给本模块题肢2个；位置先验0.10；书稿已收:PH
选必三思维,BJ-2025-FT-YIMO-Q17(1),主观题,BJ-2025-FT-YIMO,是,结合材料，分析我国在推动新一代人工智能发展的过程中是如何运用科学思维的。,设问点名:科学思维；书稿已收:B3
选必三思维,BJ-2026-TZ-YIMO-Q12,选择题,BJ-2026-TZ-YIMO,是,生趋势，统筹\ 科技与文艺整体设计，通过丰富联想，让具身智能机器人与演员同台表演，勾勒人机共处图 景，以独特创意实现科技与艺术融合，带来全新审美体验。这表明、 ,词典判给本模块题肢4个；位置先验0.10
选必三思维,BJ-2026-MTG-YIMO-Q18(2),主观题,BJ-2026-MTG-YIMO,是,结合材料，运用《逻辑与思维》知识，说明法院在本案解决环境纠纷过程中运用的科学思维方法。 （7 分）,设问点名:《逻辑与思维》/科学思维；细则书名:X2
选必三思维,BJ-2026-SJS-ERMO-Q6,选择题,BJ-2026-SJS-ERMO,是,谁能遮。况欲系其尾，虽勤知奈何。”这样的联想与构思堪称新奇精妙。流年就像赴壑之蛇，拉拽不回来，故怜惜和感伤是无益的，而要“努力尽今夕”。诗中苏轼运用的思维形态 ,词典判给本模块题肢3个；位置先验0.30
选必三思维,BJ-2026-FT-QIMO-Q5,选择题,BJ-2026-FT-QIMO,是,肢体执行等能力，利用传感器捕提视觉、触 觉和听觉等信息，通过控制系统实现类似于人类神经传导的功能、适应人类工作和 生活场景，成为人类的得力手。下列说法正确的是 ,词典判给本模块题肢2个；位置先验0.25；书稿已收:RE
选必三思维,BJ-2026-CP-QIMO-Q19(2),主观题,BJ-2026-CP-QIMO,否（本书无此卷任何题）,结合材料，运用《逻辑与思维》中“提高创新思维能力”的相关知识，分析新疆和田地区防沙治沙实践背后的思维策略。,设问点名:《逻辑与思维》/创新思维
选必三思维,BJ-2026-CY-QIZHONG-Q13,选择题,BJ-2026-CY-QIZHONG,是,晶莹饱满，味道甘甜、醇厚绵长，自古便被赋予多子多福、人丁兴旺的美好寓意。如今，“石榴籽”常用来形容各族同胞手足相亲、守望相助。“石榴籽”的比喻（      ） ,词典判给本模块题肢2个；书稿已收:RE
选必三思维,BJ-2026-HD-QIMO-Q14,选择题,BJ-2026-HD-QIMO,是,结果显示：每周食用五个或更多鸡蛋不会对葡萄糖或血压相关结果产生不利影响；相反，适量地摄入鸡蛋还能降低糖尿病和高血压的发生风险，配合健康饮食模式效果更佳。该研究 ,词典判给本模块题肢2个；位置先验0.07；书稿已收:RE
选必三思维,BJ-2026-SJS-QIMO-Q14,选择题,BJ-2026-SJS-QIMO,是,中车集团打造的复兴号亚运智能动车组，其车头根据“鹰隼”仿生学设计，可大幅降低空气阻力。对于这一设计所运用的思维方法，下列说法正确的是 ,设问问法:MI；解析点名:MI；位置先验0.07；书稿已收:RE
选必三思维,BJ-2026-FT-YIMO-Q7,选择题,BJ-2026-FT-YIMO,否（本书无此卷任何题）,页补建，原页确有该题，非凭空生成。 7．四诊法是中医诊断的基本方法，包括望诊、闻诊、问诊、切诊四种诊察手段。四诊法的应用体现了科学的思维方法。下列认识正确的是 ,设问问法:MI；解析点名:MI；词典判给本模块题肢1个；位置先验0.34；书稿已收:RE
选必三思维,BJ-2026-SJS-QIMO-Q15,选择题,BJ-2026-SJS-QIMO,是,更，雪一更，聒碎乡心梦不成，故园无此声。”纳兰性德在《长相思·山一程》中，借风雪的聒噪与行军的艰难，描写将士在外对故乡的思念，抒发了情思深苦的绵长心情。这首词 ,词典判给本模块题肢2个；位置先验0.07
选必三思维,BJ-2024-SY-ERMO-Q16(2),主观题,BJ-2024-SY-ERMO,是,结合材料，运用《逻辑与思维》知识，说明如何运用超前思维加快推进“无废城市”建设系统化、科学化、长效化。（7分）,设问点名:《逻辑与思维》/超前思维
选必三推理,BJ-2023-FT-YIMO-Q11,选择题,BJ-2023-FT-YIMO,否（本书无此卷任何题）,11．对“所有的商品都是劳动产品。”进行换质位推理，下列推理结论正确的是（   ） ,设问问法:RE；位置先验0.07
选必三推理,BJ-2023-FT-ERMO-Q5,选择题,BJ-2023-FT-ERMO,否（本书无此卷任何题）,5. 小明和小亮两位同学下棋，小红问小明“你赢了吗？”小明回答“没赢。”小红再问“你输了吗？”小明回答“没输。”对小明回答分析正确的是 ,词典判给本模块题肢2个；位置先验0.36
选必三推理,BJ-2023-CY-YIMO-Q9,选择题,BJ-2023-CY-YIMO,否（本书无此卷任何题）,9.我国宪法规定：“中华人民共和国公民的通信自由和通信秘密受法律的保护” 。由此可见，我国公民的通信秘密是受法律保护不容侵犯的。这一推理说明 ,设问问法:RE；词典判给本模块题肢2个；位置先验0.09
选必三推理,BJ-2023-CY-YIMO-Q14,选择题,BJ-2023-CY-YIMO,否（本书无此卷任何题）,，仍然可能导致合同全部或者部分无效。合同的主体不适格或者因欺诈、胁迫导致当事人意思表示不真实，也会使得合同存在瑕疵或者效力处于不确定状态。据此，下列推理合理的是,设问问法:RE；位置先验0.12
选必三推理,BJ-2023-DC-ERMO-Q15,选择题,BJ-2023-DC-ERMO,否（本书无此卷任何题）,）。 - 逻辑反馈关系是观察实验获得/检验证据，证据再用于检验假设；原图未另画一条独立的“观察实验 → 假设”回指箭头，不能凭空补画。 据此，下列分析正确的是 ,词典判给本模块题肢2个；位置先验0.06
选必三推理,BJ-2023-CY-ERMO-Q8,选择题,BJ-2023-CY-ERMO,否（本书无此卷任何题）, 候选与其它角色另列下方各节。 8.概念的外延是指具有概念所反映的本质属性的事物的范围，人们经常用图来表示概念外延之间的关系（见下图）。对此，下列说法正确的是 ,设问问法:RE；解析点名:RE；位置先验0.09
选必三推理,BJ-2026-CY-QIMO-Q18(3),主观题,BJ-2026-CY-QIMO,是,时，对他人提供的严重失实内容未尽到合理核实义务是承担侵权责任的充分条件，若报社未尽到合理核实义务，就要承担侵权责任。 （2）结合材料二，运用《逻辑与思维》知识，,设问点名:《逻辑与思维》/必要条件/充分条件；细则书名:MI/RE/X2
选必三推理,BJ-2023-HD-ERMO-Q5,选择题,BJ-2023-HD-ERMO,否（本书无此卷任何题）,在某校高二年级足球联赛中，有四支球队进入半决赛，同学们一起预测冠军归属。决赛结果表明，四人中只有一人预测正确。综合上述条件，推理正确的是。 ,设问问法:RE；词典判给本模块题肢2个；位置先验0.36
选必三推理,BJ-2023-DC-YIMO-Q20(1),主观题,BJ-2023-DC-YIMO,否（本书无此卷任何题）,结合材料，运用形式逻辑知识，分析法院作出上述判决的推理过程。（4分）,设问点名:逻辑知识/推理过程
选必三推理,BJ-2023-DC-YIMO-Q14,选择题,BJ-2023-DC-YIMO,否（本书无此卷任何题）,来源：；原卷 SH,词典判给本模块题肢3个；位置先验0.12
选必三推理,BJ-2023-XC-YIMO-Q21(1),主观题,BJ-2023-XC-YIMO,否（本书无此卷任何题）,亚的两河流域和北非的埃及文明，提出判断文明形成需要具备三个要素，即冶金术、文字和城市的出现。”这段话属于哪种推理形式？如何提高这类推理形式的可靠程度。（2 分）,设问点名:推理形式/推理形式
选必三推理,BJ-2023-XC-ERMO-Q12,选择题,BJ-2023-XC-ERMO,否（本书无此卷任何题）,正错误，是逻辑思维的题中之义。从逻辑思维规则的视角看，对逻辑错误分析正确的是 | 序号 | 表达 | 错误分析 | | --- | --- | --- | | ,解析点名:RE；词典判给本模块题肢4个；位置先验0.10
选必三推理,BJ-2025-DC-QIMO-Q7,选择题,BJ-2025-DC-QIMO,是,策措施，力求筑牢工业“压舱石” ，激活消费增长“强引 擎” ，驱动投资“马车”蹄疾步稳，推动经济实现质的有效提升和量的合理增长。下列传导路径正确的 是（  ） ,考查语:B2/RE；位置先验0.12；书稿已收:B2
选必三推理,BJ-2026-CP-ERMO-Q5,选择题,BJ-2026-CP-ERMO,否（本书无此卷任何题）,国科普成就展”“抗日战争中的中国科学家专题展”等百余场展览。活动汇聚多方科普资源，为公众提供丰富的科普服务，推动科学家精神深入人心。以下判断正确的是（   ） ,词典判给本模块题肢2个；位置先验0.36
选必三推理,BJ-2026-CP-ERMO-Q6,选择题,BJ-2026-CP-ERMO,否（本书无此卷任何题）,球、排球，到投壶、踢毽子等，一切有益于身心健康的比赛都在“班超”之列，让健康成为学生终身发展的坚实底色。就“班超”联赛参与情况，下列说法合乎逻辑的是（   ） ,设问问法:RE；位置先验0.48
选必三推理,BJ-2026-CP-ERMO-Q7,选择题,BJ-2026-CP-ERMO,否（本书无此卷任何题）,经》中记载：“故圣人不治已病治未病，不治已乱治未乱，此之谓也。夫病已成而后药之，乱已成而后治之，譬犹渴而穿井，斗而铸锥，不亦晚乎？”下列分析正确的是（   ） ,词典判给本模块题肢3个；位置先验0.41
选必三推理,BJ-2026-SY-ERMO-Q4,选择题,BJ-2026-SY-ERMO,是,的叔叔是农民，转让了自家承包地的经营权，获取了土地流转收入。 今 小吕通过转让自己的发明专利，获得一笔可观的收入。 以下对小吕一家人获取收入的途径分析正确的是 ,词典判给本模块题肢3个；位置先验0.09；书稿已收:B2
选必三推理,BJ-2026-CP-QIMO-Q5,选择题,BJ-2026-CP-QIMO,否（本书无此卷任何题）,，调节内分泌功能平衡 | | 大麦茶 | 止热消渴，下气利水，消温解毒，预防内火旺盛，咽喉肿痛 | | 生姜茶 | 调理脾胃，促进消化，防治感冒，活血化瘀 | ,词典判给本模块题肢2个；位置先验0.29
选必三推理,BJ-2026-CP-QIMO-Q6,选择题,BJ-2026-CP-QIMO,否（本书无此卷任何题）,北斗安装率近98%，北斗技术正加速融入智能手机、共享出行等领域，为用户带来更精准可靠的定位服务体验。下列选项中既符合三段论推理规则且结论真实可靠的是（   ） ,设问问法:RE；解析点名:RE；位置先验0.24
选必三推理,BJ-2026-CP-QIMO-Q7,选择题,BJ-2026-CP-QIMO,否（本书无此卷任何题）,常预防式健康”为导向的口服液 | | 某科技公司<br>升级助听产品，致力于让用户从“听得见”迈向“听得清、听得懂” | 据此，下列选项分析正确的是（   ） ,词典判给本模块题肢3个；位置先验0.12
选必三推理,BJ-2023-HD-YIMO-Q8,选择题,BJ-2023-HD-YIMO,否（本书无此卷任何题）,生注意本题是反向选择“错误的一项”；原始PDF文本层将该强调符号解析为两个孤立数字“4”，属抽取伪影，非原文内容，已核对页面图核实为着重标记而非文字“4”。） ,解析点名:RE；位置先验0.09
选必三推理,BJ-2023-HD-YIMO-Q9,选择题,BJ-2023-HD-YIMO,否（本书无此卷任何题）,谚语也并非“放之四海而皆准”。例如，“春雨贵如油”适用于我国西北、华北地区，而江淮、长江中下游地区则流传着“春雨成河，麦收稀薄”的农谚。对此，下列分析正确的是 ,词典判给本模块题肢2个；位置先验0.09
必修二,BJ-2023-FT-YIMO-Q20,主观题,BJ-2023-FT-YIMO,是,结合材料，运用《经济与社会》知识，阐述数据要素价值充分释放如何赋能经济社会发展。,设问点名:《经济与社会》
必修二,BJ-2023-FT-ERMO-Q11,选择题,BJ-2023-FT-ERMO,是,深入实施各项行动，打造出“小哥之家”“小憩港湾”等一批在全市具有影响力的新就业群体党建示范点，有效推动新就业群体融入城市基层党建格局。打造新就业群体党建示范点 ,词典判给本模块题肢2个；位置先验0.52；书稿已收:B3
必修二,BJ-2023-FT-ERMO-Q20,主观题,BJ-2023-FT-ERMO,是,结合材料，运用《经济与社会》知识，谈谈对我国织密社会保障安全网的认识。,设问点名:《经济与社会》
必修二,BJ-2023-CY-YIMO-Q20(1),主观题,BJ-2023-CY-YIMO,是,结合材料，运用《经济与社会》知识，分析我国铁路行业的改革是如何增进消费者福祉的。 （8 分）,设问点名:《经济与社会》
必修二,BJ-2023-DC-ERMO-Q18(1),主观题,BJ-2023-DC-ERMO,是,结合材料一、二，运用《经济与社会》知识，分析政府和市场在促进家政服务业高质量发展中的作用。（7分）,设问点名:《经济与社会》
必修二,BJ-2023-BJ-GAOKAO-Q2,选择题,BJ-2023-BJ-GAOKAO,是,。    2023 年第三次座谈会召开之际，新时代进入新征程。此次座谈会明确“努力使 京津冀成为中国式现代化建设的先行区、示范区”。 对此，下列认识正确的是 ,词典判给本模块题肢2个；位置先验0.29；书稿已收:PH
必修二,BJ-2024-CY-ERMO-Q3,选择题,BJ-2024-CY-ERMO,是,"科专业目录新增 24 种专业,包括电子信息材料、软物质科学与工程、中国古典学、应用中文、智能海洋装备、健康科学与技术、冰雪舞蹈表演等。 此次专业设置和调整工作 ",词典判给本模块题肢2个；位置先验0.15；书稿已收:CU
必修二,BJ-2024-CY-ERMO-Q8,选择题,BJ-2024-CY-ERMO,是,"8. 建设花园城市是国际一流的和谐宜居之都建设的内在要求,是全域森林城市、公园城市的赓续发展,是建设美丽中国的北京方案。 推动首都花园城市建设",词典判给本模块题肢2个；位置先验0.31；书稿已收:B3
必修二,BJ-2024-CY-ERMO-Q11,选择题,BJ-2024-CY-ERMO,是,"舅舅在世。 小李父亲 2022 年去世,去世前立下遗嘱,将名下房产由小李继承。 此后,小李携父亲遗嘱到公证处,欲办理该套房产的继承手续。 对此,下列说法正确的是",词典判给本模块题肢1个；位置先验0.50；书稿已收:X2
必修二,BJ-2024-CY-ERMO-Q13,选择题,BJ-2024-CY-ERMO,是,条例》由香港特区立法会于2024年3月19日全票通过，并依法报全国人民代表大会常务委员会备案，补齐了特区维护国家安全制度机制的短板。 对此，下列说法不正确的是 ,词典判给本模块题肢1个；位置先验0.71；书稿已收:X1
必修二,BJ-2024-CY-ERMO-Q14,选择题,BJ-2024-CY-ERMO,是,14. 元首外交是指国家元首或政府首脑直接参与处理对外事务的外交方式。 主场外交是指一国以本国境内为外交舞台、利用主场优势开展的外交活动。 下列表述正确的是 ,词典判给本模块题肢1个；位置先验0.50；书稿已收:X1
必修二,BJ-2023-CY-ERMO-Q19(2),主观题,BJ-2023-CY-ERMO,是,结合上图，运用《经济与社会》的知识，分析完善社会保障体系对促进经济高质量发展的意义。（8 分）,设问点名:《经济与社会》
必修二,BJ-2021-BJ-GAOKAO-Q10,选择题,BJ-2021-BJ-GAOKAO,是,中的亚洲：迈向健康与可持续发展 2021 年(第二十届)           世界大变局：共襄全球治理盛举合奏“一带一路”强音 上述资料最适合论证下列哪一观点 ,词典判给本模块题肢2个；位置先验0.47；书稿已收:X1
必修二,BJ-2024-HD-QIZHONG-Q1,选择题,BJ-2024-HD-QIZHONG,是,强，引领支撑商业航天发展；在运载火箭设计与制造、商业卫星设计制造、市场开拓等方面，不少民营企业发挥着重要作用。国有企业与民营企业在航天领域各自发挥作用。这表明 ,词典判给本模块题肢3个；位置先验0.07
必修二,BJ-2024-HD-QIZHONG-Q7,选择题,BJ-2024-HD-QIZHONG,是,在党员的带动下，快递员、外卖配送员、网约车司机等新就业群体也化身信息报送员、文明宣传员、安全防范员、扶老助困员，成为首都治理“新力量”。新就业群体融入首都治理 ,词典判给本模块题肢3个；位置先验0.12；书稿已收:B3
必修二,BJ-2024-HD-QIZHONG-Q12,选择题,BJ-2024-HD-QIZHONG,是,望。实现中国梦，保证人民安居乐业，国家安全是头等大事。越是接近实现中华民族伟大复兴的目标，越是需要增强忧患意识，努力把保障国家安全各项工作抓实抓牢抓好。这说明 ,词典判给本模块题肢2个；位置先验0.43
必修二,BJ-2024-HD-QIZHONG-Q13,选择题,BJ-2024-HD-QIZHONG,是,下列说法正确的是 【图】2024年1月至7月，全国各口岸入境外国人1725.4万人次，同比增长129.9%；签发口岸签证84.6万证次，同比上升182.9%。 ,词典判给本模块题肢1个；位置先验0.53
必修二,BJ-2023-HD-QIZHONG-Q14,选择题,BJ-2023-HD-QIZHONG,否（本书无此卷任何题）,内涵。10年来，“一带一路”倡议从谋篇布局的“大写意”发展为精谨细腻的“工笔画”，成为最受欢迎的国际公共产品和最大规模的国际合作平台。这是因为“一带一路”倡议 ,词典判给本模块题肢1个；位置先验0.62
必修二,BJ-2023-HD-QIZHONG-Q17,主观题,BJ-2023-HD-QIZHONG,否（本书无此卷任何题）,结合材料，运用《经济与社会》知识，说明如何让“陪伴经济”健康规范发展。,设问点名:《经济与社会》
必修二,BJ-2023-HD-QIZHONG-Q18(2),主观题,BJ-2023-HD-QIZHONG,否（本书无此卷任何题）,结合材料，运用《经济与社会》知识，分析上述举措如何促进民营经济发展壮大。（7分）,设问点名:《经济与社会》
必修二,BJ-2023-HD-QIZHONG-Q19,主观题,BJ-2023-HD-QIZHONG,否（本书无此卷任何题）,结合材料，运用《经济与社会》知识，谈谈如何以新质生产力增强发展新动能。,设问点名:《经济与社会》
必修二,BJ-2024-FT-YIMO-Q8,选择题,BJ-2024-FT-YIMO,是,代化国际城市”的宏伟目标，为福州擘画了美好蓝图。从“后 排就座”到奋勇争先，从“纸糊福州城”到宜居幸福城……该战略工程的实施，让福州大地迎来沧桑巨 变。该战略 ,词典判给本模块题肢2个；位置先验0.31；书稿已收:PH
必修二,BJ-2024-FT-ERMO-Q12,选择题,BJ-2024-FT-ERMO,是,颗由中国自主研发的北斗卫星导航系统的“中国星”正熠熠生辉。北斗卫星立项30年来的“三步走”一步比一步扎实，将58颗卫星一一送入浩瀚星河。对此，下列说法正确的是 ,词典判给本模块题肢1个；位置先验0.80；书稿已收:PH/RE
必修二,BJ-2024-HD-ERMO-Q14,选择题,BJ-2024-HD-ERMO,是,键材料，其中包括17种战略原材料。该法案为战略原材料供应链上的本土产能设定明确的目标：10%来自本地开采，40%在欧盟加工，25%来自本土回收材料。据此可判断 ,词典判给本模块题肢1个；位置先验0.50；书稿已收:X1
必修二,BJ-2024-XC-ERMO-Q12,选择题,BJ-2024-XC-ERMO,是,情破裂，准备协议离婚。王某表示，他这两年炒股所用的本金10万元是他的工资奖金，因此炒股所得的5万元收益属于自己的“私房钱”，不是夫妻共同财产。下列观点正确的是 ,词典判给本模块题肢1个；位置先验0.78；书稿已收:X2
必修二,BJ-2024-XC-ERMO-Q13,选择题,BJ-2024-XC-ERMO,是,13．在人民调解方式的探索与深化方面，追求“小事不出村，大事不出镇，矛盾不上交”的“枫桥经验”是典型代表。我们要坚持好、发展好新时代“枫桥经验”，是因为它 ,词典判给本模块题肢1个；位置先验0.69；书稿已收:B3/X2
必修二,BJ-2025-YQ-YIMO-Q10,选择题,BJ-2025-YQ-YIMO,是,领域知名品牌“萝卜快跑”的运营者及商标权人。丙公司未经允许将“萝卜快跑”注册为企业名称并从事相关经营活动，甲、乙两公司将其诉至法院。下列认识正确的是（   ） ,词典判给本模块题肢1个；位置先验0.56；书稿已收:B3/X2
必修二,BJ-2025-YQ-YIMO-Q11,选择题,BJ-2025-YQ-YIMO,是,，双方签订了承揽配送协议，未签订书面劳动合同。该公司对外卖员工配备统一的服装并记录考勤。后小何在取餐途中不慎摔倒受伤，造成左臂骨折。下列认识正确的是（   ） ,词典判给本模块题肢1个；位置先验0.52；书稿已收:X2
必修二,BJ-2025-YQ-YIMO-Q15,选择题,BJ-2025-YQ-YIMO,是,移鲁带来45 亿美元收入，创造 8000 多个直接就业岗位，中秘间单程海运时间将缩短至 23 天，节约 20%以上的物流成本。钱凯港顺利开港（       ） ,词典判给本模块题肢2个；位置先验0.31；书稿已收:X1
必修二,BJ-2025-FS-YIMO-Q14,选择题,BJ-2025-FS-YIMO,是,取消制造业领域外资准入限制措施，给予所有建交的最不发达国家 100%税目产品零关税待遇，连续七年举办中国国际进口博览会……这说明（             ） ,词典判给本模块题肢1个；位置先验0.50；书稿已收:X1
必修二,BJ-2025-XC-YIMO-Q14,选择题,BJ-2025-XC-YIMO,是,方各节。 14．国际交往中，各国逐渐以条约和习惯做法为基础，发展出一些被普遍遵守的行为规则，被称做国际法。 同学围绕国际法开展探究，提出了以下观点，其中正确的是,词典判给本模块题肢2个；位置先验0.50；书稿已收:X1
必修二,BJ-2025-SY-YIMO-Q14,选择题,BJ-2025-SY-YIMO,是,事业兴旺发达、事关人民美好生活、事关国家长治久安。某校开展“我 与国家安全”主题活动，通过微演讲等形式引导学生增强国家安全意识。下列可以作为演讲主题的是（ ） ,词典判给本模块题肢2个；位置先验0.50；书稿已收:X1
必修二,BJ-2025-FT-ERMO-Q3,选择题,BJ-2025-FT-ERMO,是,而形聚，本不正则形必散。2025 年 3 月，中共中央办公厅印发《关于在全党开展深入贯彻中央八项规定精神学习教育的通知》并部署学习。贯彻 落实中央八项规定精神 ,词典判给本模块题肢2个；位置先验0.17；书稿已收:B3
必修二,BJ-2025-DC-QIMO-Q10,选择题,BJ-2025-DC-QIMO,是,全、发展筹资、工业化、 互联互通等领域合作，取得丰硕成果， “朋友圈”越来越大，得到100 多个国家及包括联合国在内的多 个国际组织支持和参与。这说明（  ） ,考查语:X1；词典判给本模块题肢2个；位置先验0.25；书稿已收:X1
必修二,BJ-2025-DC-QIMO-Q12,选择题,BJ-2025-DC-QIMO,是,人民共和国民法典》规范各类民事主体的各种人身关系和财产关系，涉及社会和经济生活的方 方面面，被称为“社会生活的百科全书” ，下列内容符合民法典规定的是（  ） ,解析点名:B2/X2；考查语:X2；位置先验0.43；书稿已收:X2
必修二,BJ-2025-DC-QIMO-Q14,选择题,BJ-2025-DC-QIMO,是,整个老城规划格局的建筑与遗址的组合体，由古代皇家宫苑建 筑、古代皇家祭祀建筑等遗址组成，是中华文明“中” “和”文化传统的特殊见证。下列选项正确的是 （  ） ,考查语:RE；词典判给本模块题肢1个；位置先验0.67；书稿已收:RE
必修二,BJ-2025-CY-QIMO-Q9,选择题,BJ-2025-CY-QIMO,是,统领，重点提升两轴沿线韧性保障水平➢   以内外联动为抓手，强化“多点”地区的韧性纽带作用➢   以可持续发展为关键，筑牢生态涵养区首都安全屏障打造韧性城市需要,词典判给本模块题肢2个；位置先验0.11；书稿已收:B3/PH
必修二,BJ-2025-HD-QIZHONG-Q1,选择题,BJ-2025-HD-QIZHONG,是,在运载火箭设计与制造、商业卫星设计制造、市场开拓等方面，不少民营企业发挥着重要作用。国有企业与民营企业在航天领域各自发挥作用。这表明（           ） ,词典判给本模块题肢3个；位置先验0.12
必修二,BJ-2025-HD-QIZHONG-Q4,选择题,BJ-2025-HD-QIZHONG,是,质量的服务业行业领域逐步取消准入限制；对涉及重要民生领域的教育、卫生、体育等行业，稳妥放宽准入限制，优化养老、托育、助残等行业准入标准……上述意见（    ） ,词典判给本模块题肢3个；位置先验0.31
必修二,BJ-2025-HD-QIZHONG-Q6,选择题,BJ-2025-HD-QIZHONG,是,，形成多元化养老助餐服务网络，并发布“海淀食堂”线上地图，打造“海淀食堂”养老助餐服务品牌。老年人可在地图上获取助餐点位置就近用餐。这一做法（       ） ,词典判给本模块题肢2个；位置先验0.19
必修二,BJ-2025-HD-QIZHONG-Q7,选择题,BJ-2025-HD-QIZHONG,是,递员、外卖配送员、网约车司机等新就业群体也化身信息报送员、文明宣传员、安全防范员、扶老助困员，成为首都治理“新力量”。新就业群体融入首都治理（       ） ,词典判给本模块题肢3个；位置先验0.12
必修二,BJ-2025-HD-QIZHONG-Q12,选择题,BJ-2025-HD-QIZHONG,是,梦，保证人民安居乐业，国家安全是头等大事。 越是接近实现中华民族伟大复兴的目标，越是需要增强忧患意识，努力把保障国家安全各项工作抓实抓牢抓好。这说明（   ） ,词典判给本模块题肢2个；位置先验0.43
必修二,BJ-2025-HD-QIZHONG-Q13,选择题,BJ-2025-HD-QIZHONG,是,时过境免签等一系列便利外国人来华政策措施，吸引了更多外国游客来到中国。越来越多外国游客通过短视频、社交平台分享中国游的体验。下列说法正确的是（       ） ,词典判给本模块题肢1个；位置先验0.56
必修二,BJ-2025-HD-QIZHONG-Q25(1),主观题,BJ-2025-HD-QIZHONG,是,你更看好速溶咖啡还是现磨咖啡的市场前景？结合材料一和材料二，运用《经济与社会》知识，谈谈,设问点名:《经济与社会》
必修二,BJ-2025-HD-QIZHONG-Q25(2),主观题,BJ-2025-HD-QIZHONG,是,结合材料三，从经济角度，为中国咖啡企业“出海”提出建议。,设问点名:经济角度
必修二,BJ-2025-HD-QIMO-Q13,选择题,BJ-2025-HD-QIMO,是,京市第三中级人民法院在判决书中首次突破传统加班认定模式．创造性地提出“占用时间明显性”等原则作为认定标准，为后续处理类似案件提供了参考与借鉴。该判决（   ） ,词典判给本模块题肢1个；位置先验0.53；书稿已收:B3/X2
必修二,BJ-2026-FT-YIMO-Q11,选择题,BJ-2026-FT-YIMO,是,位辞职并办理了离职手续。后甲公司告知张某因出现财务问题取消录用。张某遂向法院起诉请求甲公司赔偿其相应损失。法院审理后判决支持了张某的诉讼请求。下列说法正确的是 ,词典判给本模块题肢1个；位置先验0.52；书稿已收:X2
必修二,BJ-2026-CY-YIMO-Q18,主观题,BJ-2026-CY-YIMO,是,结合材料，运用《法律与生活》知识，谈谈人民法院是如何依法保护知识产权以护航新质生产力发展的。,设问点名:《法律与生活》；细则书名:B2/X2；书稿已收:X2
必修二,BJ-2026-TZ-YIMO-Q14,选择题,BJ-2026-TZ-YIMO,是,地区生产总值大幅提升。“促进各民族像石榴籽一样紧紧抱在一起”的嘱 托深入人心，如今更通过《中华人民共和国民族团结进步促进法》走进人民大会堂。该法的 制定和实行 ,词典判给本模块题肢1个；位置先验0.50；书稿已收:B3
必修二,BJ-2026-MTG-YIMO-Q9,选择题,BJ-2026-MTG-YIMO,是,检，实现南疆 15 年免费教育全覆盖，各族群众获得感、幸福感、安全感显著增强。新疆维吾尔自治区的勃勃生机是民族区域自治制度优越性的缩影。 这说明民族区域自治制度,词典判给本模块题肢2个；位置先验0.35；书稿已收:B3
必修二,BJ-2026-MTG-YIMO-Q10,选择题,BJ-2026-MTG-YIMO,是,卷角色的原生文字层；OCR 候选与其它角色另列下方各节。 10.某社区开展“家庭责任教育周”活动，拟用真实案例制作展板。以下案例最适合作为“扶养关系”素材的是 ,词典判给本模块题肢2个；位置先验0.56；书稿已收:X2
必修二,BJ-2026-DC-ERMO-Q8,选择题,BJ-2026-DC-ERMO,是,大常委会通过并实施。该规定明确长三角政务服务“一网通办”事项实行清单管理，推进标准统一与业务衔接，明确依托政务服务“好差评”等制度建立意见收集机制。 此举意在 ,词典判给本模块题肢2个；位置先验0.31；书稿已收:B3
必修二,BJ-2026-CP-ERMO-Q11,选择题,BJ-2026-CP-ERMO,否（本书无此卷任何题）,11. 以和为贵，善用调解。调解是化解民间纠纷、促进社会和谐的重要途径。下列做法符合法律规定的是（   ） ,词典判给本模块题肢1个；位置先验0.51
必修二,BJ-2026-CP-ERMO-Q12,选择题,BJ-2026-CP-ERMO,否（本书无此卷任何题）,12. 数字背后，读懂经济。 根据图中信息，可以推断出（   ） ,词典判给本模块题肢3个；位置先验0.78
必修二,BJ-2026-CP-ERMO-Q13,选择题,BJ-2026-CP-ERMO,否（本书无此卷任何题）,、慢性病的复诊，患者必须出具在实体医疗机构的相应就诊记录。从线上复诊到线上首诊试点，是优质医疗服务迈出的更大一步。北京市开启互联网诊疗首诊试点有利于（   ） ,词典判给本模块题肢1个；位置先验0.70
必修二,BJ-2026-CP-ERMO-Q14,选择题,BJ-2026-CP-ERMO,否（本书无此卷任何题）,”的暗红色，纹理源自“出砖入石”的古老墙体工艺，鞋底压印海上丝绸之路的航线图。产品一经上市便获得国外客商的青睐，买下授权并在海外发售。这说明中国拖鞋（   ） ,词典判给本模块题肢2个；位置先验0.49
必修二,BJ-2026-CP-ERMO-Q15,选择题,BJ-2026-CP-ERMO,否（本书无此卷任何题）,生能源、节能环保、清洁生产等领域优势，运用中国技术、产品和经验，推动绿色“一带一路”合作蓬勃发展，为当地可持续发展贡献力量。这说明，共建“一带一路”（   ） ,词典判给本模块题肢3个；位置先验0.30
必修二,BJ-2026-CP-ERMO-Q20,主观题,BJ-2026-CP-ERMO,否（本书无此卷任何题）,结合材料，运用《经济与社会》知识，分析“票根＋”新模式的魅力和缘由。,设问点名:《经济与社会》；细则书名:B2
必修二,BJ-2026-CY-ERMO-Q6,选择题,BJ-2026-CY-ERMO,是,性技术就缺乏土壤，先进技术就无法形成现实的生产能力。未来产业涉及新业态，如果监管过严，会错失发展窗口期；如果完全放任自流，可能破坏市场秩序。从以上事实可以推出 ,词典判给本模块题肢2个；位置先验0.25；书稿已收:RE
必修二,BJ-2026-HD-ERMO-Q10,选择题,BJ-2026-HD-ERMO,是,到达约定地点后，胡师傅以“运输距离远”“运输费用太少”为由，提出增加一倍运费的要求，李女士拒绝，胡师傅拒绝交货。双方由此发生纠纷。就上述事实，下列说法正确的是 ,词典判给本模块题肢1个；位置先验0.56；书稿已收:X2
必修二,BJ-2026-SJS-ERMO-Q1,选择题,BJ-2026-SJS-ERMO,是,重大战略任务，提出6方面109项重大工程。中国式现代化建设新征程上，一幅锚定强国建设、民族复兴目标的宏伟蓝图正徐徐铺展，奋进号角响彻神州大地。由此带来的启示是 ,词典判给本模块题肢2个；位置先验0.27；书稿已收:B3/PH
必修二,BJ-2026-SJS-ERMO-Q11,选择题,BJ-2026-SJS-ERMO,是,酬等，出勤时间相对固定，接受站点管理，根据系统派单完成配送任务。后徐某在站点听从指示做木架，因切割木板意外导致右脚受伤，就工伤认定问题与S公司发生争议。此案中 ,词典判给本模块题肢1个；位置先验0.50；书稿已收:X2
必修二,BJ-2026-SY-ERMO-Q6,选择题,BJ-2026-SY-ERMO,是,响力”因素 等共同起作用的结果。乙省也准备举办超级足球联赛，预期认为既然都是省级联赛，本 省人民也会有同样的参与热情，消费也会全域增长。据此，下列说法正确的是 ,词典判给本模块题肢2个；位置先验0.25；书稿已收:PH/RE
必修二,BJ-2026-DC-QIMO-Q14,选择题,BJ-2026-DC-QIMO,是,先行”，以合规与精度建立壁垒，中国企业以“技术出海+本地化合作”策略向国际市场发力。产业竞争的加剧带来全球智能鸿沟和安全风险挑战。对此，下列认识正确的是（ ） ,词典判给本模块题肢1个；位置先验0.67；书稿已收:X1
必修二,BJ-2026-CP-QIMO-Q13,选择题,BJ-2026-CP-QIMO,否（本书无此卷任何题）,生”，提升重点项目的保障能力，同时将零散项目统筹整合，进一步优化财政支出结构，让“好钢用在刀刃上”。<br>☆⋯⋯ | | --- | 实施零基预算（   ） ,词典判给本模块题肢2个；位置先验0.56
必修二,BJ-2026-CP-QIMO-Q14,选择题,BJ-2026-CP-QIMO,否（本书无此卷任何题）,过，将拍摄的作物叶片颜色、土壤湿度情况等数据传输至中央决策平台，生成精准的施肥、灌溉方案。<br>◆⋯⋯ | | --- | 对上述材料分析正确的是（   ） ,词典判给本模块题肢4个；位置先验0.62
必修二,BJ-2026-CP-QIMO-Q19(1),主观题,BJ-2026-CP-QIMO,否（本书无此卷任何题）,结合材料，运用《经济与社会》知识，分析我国是如何向地球家园递交“中国答卷”的。,设问点名:《经济与社会》
必修二,BJ-2026-CY-QIZHONG-Q16,主观题,BJ-2026-CY-QIZHONG,否（本书无此卷任何题）,结合材料，运用《经济与社会》知识，分析绿色金融“点绿成金”对我国经济社会高质量发展的驱动作用。,设问点名:《经济与社会》；细则书名:B2
必修二,BJ-2026-CY-QIZHONG-Q21(1),主观题,BJ-2026-CY-QIZHONG,否（本书无此卷任何题）,结合材料一，运用《经济与社会》和“文化传承与文化创新”知识，说明人文经济学理论研究的实践意义。,设问点名:《经济与社会》；细则书名:B2/MI/RE；书稿已收:CU
必修二,BJ-2026-CY-QIZHONG-Q1,选择题,BJ-2026-CY-QIZHONG,否（本书无此卷任何题）, 8.3%，质量效率也有显著提升，“稳”的基础不断夯实，“进”的态势持续巩固，“好”的作用有效发挥。继续保持“进”的态势，中央企业需要（          ） ,词典判给本模块题肢3个；位置先验0.07
必修二,BJ-2026-CY-QIZHONG-Q2,选择题,BJ-2026-CY-QIZHONG,否（本书无此卷任何题）,跨境消费体验店等设施。工程实施半年后，新型消费交易额同比大幅增长，创造大量灵活就业岗位。关于这一工程发挥作用的路径，下列说法合理的是（           ） ,词典判给本模块题肢3个；位置先验0.40
必修二,BJ-2026-HD-QIMO-Q15,选择题,BJ-2026-HD-QIMO,是,餐饮、景点、体验式场景等资源。游客可在这一平台完成所有合作景区的实名预约，并清晰掌握全部已预约景点信息，有效避免行程冲突或遗漏，堪称“随身行程管家”。这一做法 ,词典判给本模块题肢1个；位置先验0.57
必修二,BJ-2026-SJS-QIMO-Q19(1),主观题,BJ-2026-SJS-QIMO,是,结合材料一，运用《经济与社会》知识，分析具身智能产业的发展将如何推动首都高质量发展。（6分）,设问点名:《经济与社会》
必修二,BJ-2026-SJS-QIMO-Q6,选择题,BJ-2026-SJS-QIMO,是,（2026-2030）是我国迈向2035年基本实现现代化的关键时期。要紧紧围绕新时代新征程党的中心任务，把“十五五”发展的目标任务和战略举措规划好实施好。为此 ,词典判给本模块题肢2个；位置先验0.19；书稿已收:PH
必修二,BJ-2026-SJS-QIMO-Q9,选择题,BJ-2026-SJS-QIMO,是,获活力，迎来顺畅自如的“第二次呼吸”。人生之路、企业转型、地方发展，何尝不是一场场长跑。同学们在阐述“第二次呼吸”的哲学启示中引用了以下事例，其中理解正确的是 ,词典判给本模块题肢2个；位置先验0.11；书稿已收:PH
必修二,BJ-2026-FT-YIMO-Q14,选择题,BJ-2026-FT-YIMO,是,“中非人文交流年”已拉开大幕，年内将举办近600场交流活动。中国愿同非洲兄弟一道，深化文明互鉴，促进民心相通，让中非友好代代相传。 【第5页续】中非关系新发展 ,词典判给本模块题肢1个；位置先验0.50；书稿已收:X1
必修二,BJ-2023-XC-ERMO-Q7,选择题,BJ-2023-XC-ERMO,是,何考虑，通过多种方式了解、走访居民127户……最终，制定机关对有关规定作出修改，调整完善罚款额度和程序，督促有关单位出台具体办法。 对上述新闻内容理解正确的是 ,词典判给本模块题肢2个；位置先验0.28；书稿已收:B3
必修二,BJ-2026-XC-QIMO-Q9,选择题,BJ-2026-XC-QIMO,是,驱动发展方式变革的关键力量，但技术本身并非零碳，数据中心、算力网络等设施能耗大，需要采取措施实现“绿色化”。据此，有同学结合政策导向与产业实践，作出如下判断： ,词典判给本模块题肢2个；位置先验0.11；书稿已收:RE
必修二,BJ-2024-SY-ERMO-Q7,选择题,BJ-2024-SY-ERMO,是,握数字劳动的基本特征，并以此为基础构建起相关法律法规，才能确保数字劳动受到监管和保护，保证我国数字经济稳定和快速发展。如果上述结论皆为真，下列逻辑分析正确的是 ,词典判给本模块题肢2个；位置先验0.28；书稿已收:RE
必修三,BJ-2023-FT-YIMO-Q17(1),主观题,BJ-2023-FT-YIMO,是,结合材料一，运用《政治与法治》知识，分析“两议两公开”是如何在乡村振兴中发挥作用的。,设问点名:《政治与法治》
必修三,BJ-2025-CY-ERMO-Q1,选择题,BJ-2025-CY-ERMO,是,"解放思想、锐意进取,创造了改革开放和社会主义现代化建设的伟大成就;自信自强、守正创新,创造了新时代中国特色社会主义的伟大成就。在实现中华民族伟大复兴的历史进程中",词典判给本模块题肢2个；位置先验0.80；书稿已收:B2/CU/PH
必修三,BJ-2023-FT-ERMO-Q17,主观题,BJ-2023-FT-ERMO,是,结合材料，运用《政治与法治》知识，从三个不同主体角度建言献策。,设问点名:《政治与法治》
必修三,BJ-2020-BJ-GAOKAO-Q9,选择题,BJ-2020-BJ-GAOKAO,是,、累 计选派 290 多万名县级以上党政机关和国有企事业单位干部到村担任第一书记或驻村干部，目前在岗 91.8 万。 派驻第一书记和驻村干部（       ） ,考查语:B3；词典判给本模块题肢3个；位置先验0.65；书稿已收:B2
必修三,BJ-2020-BJ-GAOKAO-Q10,选择题,BJ-2020-BJ-GAOKAO,是,10．（3 分）十三届全国人大二次会议以来，全国人大及其常委委员会部分工作如下，下列推断正确的是（          ） ,考查语:B3；词典判给本模块题肢4个；位置先验0.38；书稿已收:X1
必修三,BJ-2024-CY-YIMO-Q1,选择题,BJ-2024-CY-YIMO,是,就是把马克思主义基本原理同中国具体实际相 结合；习近平总书记提出了“第二个结合”，这就是把马克思主义基本原理同中华优秀传 统文化相结合。对此，下列说法正确的是 ,词典判给本模块题肢1个；位置先验0.80；书稿已收:CU
必修三,BJ-2023-DC-ERMO-Q1,选择题,BJ-2023-DC-ERMO,是,高峡出平湖、 港口连五洋、“天宫”驻太空⋯…中国共产党带领中国人民走出了一条中国式现代化 新道路，创造了并将继续创造人类发展史上的奇迹。对此，下列认识正确的是 ,词典判给本模块题肢1个；位置先验0.82；书稿已收:B2
必修三,BJ-2023-DC-ERMO-Q3,选择题,BJ-2023-DC-ERMO,是,21年中国共产党与世界政党领导人峰会 | 为人民谋幸福：政党的责任 | | 2023年中国共产党与世界政党高层对话会 | 现代化道路：政党的责任 | 这折射出 ,词典判给本模块题肢2个；位置先验0.43
必修三,BJ-2023-DC-ERMO-Q19(1),主观题,BJ-2023-DC-ERMO,是,结合材料一，运用《政治与法治》知识，说明全国人大及其常委会的工作是如何保障人民当家作主的。（8分）,设问点名:《政治与法治》
必修三,BJ-2026-CY-QIMO-Q1,选择题,BJ-2026-CY-QIMO,是,，中国特色社会主义制度始终以中华优秀传统文化为滋养，以中国社会的具体实际为依据，在马克思主义中国化时代化的进程中不断焕发新的生命力。可见，中国特色社会主义制度 ,词典判给本模块题肢1个；位置先验0.53
必修三,BJ-2026-CY-QIMO-Q10,选择题,BJ-2026-CY-QIMO,是,用设施设备等归全体业主共有，物业公司需单独建账、定期公示。某小区业主因物业公司未公示公共收益而提起诉讼，法院依法判决物业公司限期公示相关内容。下列说法合理的是 ,词典判给本模块题肢1个；位置先验0.50；书稿已收:X2
必修三,BJ-2023-DC-YIMO-Q1,选择题,BJ-2023-DC-YIMO,是,来源：；原卷 SH,词典判给本模块题肢1个；位置先验0.80
必修三,BJ-2023-HD-QIZHONG-Q2,选择题,BJ-2023-HD-QIZHONG,是,洋、产业门类齐、“天和”驻太空、“祝融”探火星……现实的画卷远比百年前的设想更为壮阔。进入新时代，中国式现代化气象万千，前景光明。中国式现代化的成功推进和拓展 ,词典判给本模块题肢1个；位置先验0.62
必修三,BJ-2024-DC-YIMO-Q1,选择题,BJ-2024-DC-YIMO,是,留。题内图片、表格、图表、边框、箭头和版面关系以页图为准。 1. 从神舟家族“太空接力”到“奋斗者”号极限深潜，从荒漠化治理到低碳生活，从杭州亚运会到“贵州村B,词典判给本模块题肢1个；位置先验0.80；书稿已收:CU/X1
必修三,BJ-2024-SJS-YIMO-Q1,选择题,BJ-2024-SJS-YIMO,是,装脱胎换骨成为新型人民军队？从南昌起义到三湾改编再到古田会议，终于给出了 历史的回答。今天，无论使命任务如何变化，人民军队都不能忘记自己的“根”。 这启示我们 ,词典判给本模块题肢1个；位置先验0.80
必修三,BJ-2024-SJS-YIMO-Q18(1),主观题,BJ-2024-SJS-YIMO,是,结合材料，运用《政治与法治》知识，分析“一米法庭”项目如何使群众真正 获益。（7 分）,设问点名:《政治与法治》
必修三,BJ-2024-XC-YIMO-Q8,选择题,BJ-2024-XC-YIMO,是,（source_id ；SH,词典判给本模块题肢1个；位置先验0.71；书稿已收:X2
必修三,BJ-2025-HD-QIZHONG-Q19,主观题,BJ-2025-HD-QIZHONG,否（本书无此卷任何题）,结合材料，运用《政治与法治》知识，分析上述条款修订的原因。,设问点名:《政治与法治》
必修三,BJ-2025-HD-QIZHONG-Q7,选择题,BJ-2025-HD-QIZHONG,否（本书无此卷任何题）,递员、外卖配送员、网约车司机等新就业群体也化身信息报送员、文明宣传员、安全防范员、扶老助困员，成为首都治理“新力量”。新就业群体融入首都治理（       ） ,词典判给本模块题肢2个；位置先验0.44
必修三,BJ-2026-YQ-YIMO-Q1,选择题,BJ-2026-YQ-YIMO,是,年艰苦抗战的光辉历程。展览全面展示了中华儿女在中国共产党倡导的抗日民族统一战线旗帜下，为国家生存而战、为民族复兴而战、为人类正义而战的雄壮史诗。下列表述正确的是,词典判给本模块题肢1个；位置先验0.80
必修三,BJ-2026-HD-YIMO-Q1,选择题,BJ-2026-HD-YIMO,是,纪念中国工农红军长征胜利90周年，某校组织开展主题为“追寻长征足迹，筑牢信仰根基” 的研学活动，学生走进数字体验馆沉浸式“重走长征路”。通过这一活动，学生可以 ,词典判给本模块题肢1个；位置先验0.80；书稿已收:CU
必修三,BJ-2026-MTG-YIMO-Q1,选择题,BJ-2026-MTG-YIMO,是,。 | 中共中央在香山时期，指挥渡江战役、解放全中国，筹备中国人民政治协商会议，起草《中国人民政治协商会议共同纲领》。 | 对上述历史事件的意义，表述正确的有 ,词典判给本模块题肢1个；位置先验0.80；书稿已收:CU
必修三,BJ-2026-SY-YIMO-Q1,选择题,BJ-2026-SY-YIMO,是,，到 取得“两弹一星”、探月工程等重大科技突破，再到党的十八大以来打赢脱贫攻坚战，建成 世界上规模最大的教育体系、社会保障体系、医疗卫生体系。下列分析正确的是 ,词典判给本模块题肢1个；位置先验0.80；书稿已收:CU/PH
必修三,BJ-2026-XC-QIMO-Q11,选择题,BJ-2026-XC-QIMO,是,别建议】 ✧ 经销商最佳策略：优先上牌、促销清库、厂商协作…… ✧ 消费者购买提示：购买旧标车务必在2025年11月30日前完成并上牌…… 这些后续工作的开展 ,词典判给本模块题肢1个；位置先验0.65
必修三,BJ-2026-SJS-QIMO-Q16,主观题,BJ-2026-SJS-QIMO,否（本书无此卷任何题）,结合材料，运用《政治与法治》相关知识，谈谈你对《实施办法》上述规定的理解。,设问点名:《政治与法治》
必修三,BJ-2026-SJS-QIMO-Q1,选择题,BJ-2026-SJS-QIMO,否（本书无此卷任何题）,发挥中流砥柱作用的伟大胜利，是全民族众志成城奋勇抗战的伟大胜利，是中国人民同反法西斯同盟国以及各国人民并肩战斗的伟大胜利。缅怀历史，获得启迪。下列说法正确的是 ,词典判给本模块题肢2个；位置先验0.53；书稿已收:CU
必修三,BJ-2026-SJS-QIMO-Q7,选择题,BJ-2026-SJS-QIMO,否（本书无此卷任何题）,2025年3月，中共中央部署在全党开展深入贯彻中央八项规定精神学习教育，强调要“以钉钉子精神狠抓作风建设，推动党员干部强化宗旨意识”。开展此项学习教育，有利于 ,词典判给本模块题肢2个；位置先验0.47
必修三,BJ-2024-BJ-GAOKAO-Q16,主观题,BJ-2024-BJ-GAOKAO,是,21年 17.结合材料，运用《政治生活》知识，说明政府如何运用法治思维推进数据治理。（7分）,设问点名:《政治生活》/政治生活；细则书名:CU/PH；书稿已收:CU/PH
必修三,BJ-2024-SY-ERMO-Q15,选择题,BJ-2024-SY-ERMO,是,资〔2023〕1214号）收悉。现批复如下： 一、原则同意《北京城市副中心建设国家绿色发展示范区实施方案》（以下简称《方案》），请认真组织实施。 这表明在我国 ,词典判给本模块题肢2个；位置先验0.12；书稿已收:X1
必修三,BJ-2023-HD-YIMO-Q1,选择题,BJ-2023-HD-YIMO,是,色社会主义就是这部交响乐的华彩乐章。中国特色社会主义，既坚持了科学社会主义基本原则，又赋予其鲜明的中国特色。中国特色社会主义，“特色”在哪里？下列认识正确的是 ,词典判给本模块题肢1个；位置先验0.80
