qid,exam,num,type,category,dup_of,dup_covered_by,mention_in,md,bank_status
BJ-2023-FT-YIMO-Q1,BJ-2023-FT-YIMO,1,选择题,exam_untouched_by_targets,,,,True,已验收
BJ-2023-FT-YIMO-Q5,BJ-2023-FT-YIMO,5,选择题,exam_untouched_by_targets,,,,True,已验收
BJ-2023-FT-YIMO-Q6,BJ-2023-FT-YIMO,6,选择题,exam_untouched_by_targets,,,,True,已验收
BJ-2023-FT-YIMO-Q7,BJ-2023-FT-YIMO,7,选择题,exam_untouched_by_targets,,,,True,已验收
BJ-2023-FT-YIMO-Q11,BJ-2023-FT-YIMO,11,选择题,exam_untouched_by_targets,,,,True,已验收
BJ-2023-FT-YIMO-Q12,BJ-2023-FT-YIMO,12,选择题,exam_untouched_by_targets,,,,True,已验收
BJ-2023-FT-YIMO-Q14,BJ-2023-FT-YIMO,14,选择题,exam_untouched_by_targets,,,,True,已验收
BJ-2023-FT-YIMO-Q15,BJ-2023-FT-YIMO,15,选择题,exam_untouched_by_targets,,,,True,已验收
BJ-2023-FT-YIMO-Q16,BJ-2023-FT-YIMO,16,非选择题,exam_untouched_by_targets,,,,True,已验收
BJ-2023-FT-YIMO-Q17,BJ-2023-FT-YIMO,17,非选择题,exam_untouched_by_targets,,,,True,已验收
BJ-2023-FT-YIMO-Q18,BJ-2023-FT-YIMO,18,非选择题,exam_untouched_by_targets,,,,True,已验收
BJ-2023-FT-YIMO-Q19,BJ-2023-FT-YIMO,19,非选择题,exam_untouched_by_targets,,,,True,已验收
BJ-2023-FT-YIMO-Q20,BJ-2023-FT-YIMO,20,非选择题,exam_untouched_by_targets,,,,True,已验收
BJ-2023-FT-YIMO-Q21,BJ-2023-FT-YIMO,21,非选择题,exam_untouched_by_targets,,,,True,已验收
BJ-2023-FT-YIMO-Q22,BJ-2023-FT-YIMO,22,非选择题,dup_of_covered,BJ-2026-FT-YIMO-Q21,bixiu3;philosophy,,True,已验收
BJ-2023-FT-ERMO-Q1,BJ-2023-FT-ERMO,1,选择题,exam_untouched_by_targets,,,,True,已验收
BJ-2023-FT-ERMO-Q3,BJ-2023-FT-ERMO,3,选择题,exam_untouched_by_targets,,,,True,已验收
BJ-2023-FT-ERMO-Q4,BJ-2023-FT-ERMO,4,选择题,exam_untouched_by_targets,,,,True,已验收
BJ-2023-FT-ERMO-Q5,BJ-2023-FT-ERMO,5,选择题,exam_untouched_by_targets,,,,True,已验收
BJ-2023-FT-ERMO-Q12,BJ-2023-FT-ERMO,12,选择题,exam_untouched_by_targets,,,,True,已验收
BJ-2023-FT-ERMO-Q14,BJ-2023-FT-ERMO,14,选择题,exam_untouched_by_targets,,,,True,已验收
BJ-2023-FT-ERMO-Q17,BJ-2023-FT-ERMO,17,非选择题,exam_untouched_by_targets,,,,True,已验收
BJ-2023-FT-ERMO-Q18,BJ-2023-FT-ERMO,18,非选择题,exam_untouched_by_targets,,,,True,已验收
BJ-2023-FT-ERMO-Q19,BJ-2023-FT-ERMO,19,非选择题,exam_untouched_by_targets,,,,True,已验收
BJ-2023-FT-ERMO-Q20,BJ-2023-FT-ERMO,20,非选择题,exam_untouched_by_targets,,,,True,已验收
BJ-2023-FT-ERMO-Q21,BJ-2023-FT-ERMO,21,非选择题,exam_untouched_by_targets,,,,True,已验收
BJ-2023-FT-ERMO-Q22,BJ-2023-FT-ERMO,22,非选择题,exam_untouched_by_targets,,,,True,已验收
BJ-2023-CY-YIMO-Q1,BJ-2023-CY-YIMO,1,选择题,exam_untouched_by_targets,,,,True,已验收
BJ-2023-CY-YIMO-Q3,BJ-2023-CY-YIMO,3,选择题,exam_untouched_by_targets,,,,True,已验收
BJ-2023-CY-YIMO-Q5,BJ-2023-CY-YIMO,5,选择题,exam_untouched_by_targets,,,,True,已验收
BJ-2023-CY-YIMO-Q7,BJ-2023-CY-YIMO,7,选择题,exam_untouched_by_targets,,,,True,已验收
BJ-2023-CY-YIMO-Q8,BJ-2023-CY-YIMO,8,选择题,exam_untouched_by_targets,,,,True,已验收
BJ-2023-CY-YIMO-Q9,BJ-2023-CY-YIMO,9,选择题,exam_untouched_by_targets,,,,True,已验收
BJ-2023-CY-YIMO-Q13,BJ-2023-CY-YIMO,13,选择题,exam_untouched_by_targets,,,,True,已验收
BJ-2023-CY-YIMO-Q14,BJ-2023-CY-YIMO,14,选择题,exam_untouched_by_targets,,,,True,已验收
BJ-2023-CY-YIMO-Q15,BJ-2023-CY-YIMO,15,选择题,exam_untouched_by_targets,,,,True,已验收
BJ-2023-CY-YIMO-Q16,BJ-2023-CY-YIMO,16,非选择题,exam_untouched_by_targets,,,,True,已验收
BJ-2023-CY-YIMO-Q17,BJ-2023-CY-YIMO,17,非选择题,exam_untouched_by_targets,,,,True,已验收
BJ-2023-CY-YIMO-Q18,BJ-2023-CY-YIMO,18,非选择题,exam_untouched_by_targets,,,,True,已验收
BJ-2023-CY-YIMO-Q19,BJ-2023-CY-YIMO,19,非选择题,exam_untouched_by_targets,,,bixiu3,True,已验收
BJ-2023-CY-YIMO-Q20,BJ-2023-CY-YIMO,20,非选择题,exam_untouched_by_targets,,,,True,已验收
BJ-2023-CY-YIMO-Q21,BJ-2023-CY-YIMO,21,非选择题,exam_untouched_by_targets,,,,True,已验收
BJ-2023-DC-ERMO-Q3,BJ-2023-DC-ERMO,3,选择题,exam_untouched_by_targets,,,,True,已验收
BJ-2023-DC-ERMO-Q4,BJ-2023-DC-ERMO,4,选择题,exam_untouched_by_targets,,,,True,已验收
BJ-2023-DC-ERMO-Q5,BJ-2023-DC-ERMO,5,选择题,exam_untouched_by_targets,,,,True,已验收
BJ-2023-DC-ERMO-Q13,BJ-2023-DC-ERMO,13,选择题,exam_untouched_by_targets,,,,True,已验收
BJ-2023-DC-ERMO-Q14,BJ-2023-DC-ERMO,14,选择题,exam_untouched_by_targets,,,,True,已验收
BJ-2023-DC-ERMO-Q15,BJ-2023-DC-ERMO,15,选择题,exam_untouched_by_targets,,,,True,已验收
BJ-2023-DC-ERMO-Q16,BJ-2023-DC-ERMO,16,非选择题,exam_untouched_by_targets,,,,True,已验收
BJ-2023-DC-ERMO-Q17,BJ-2023-DC-ERMO,17,非选择题,exam_untouched_by_targets,,,,True,已验收
BJ-2023-DC-ERMO-Q18,BJ-2023-DC-ERMO,18,非选择题,exam_untouched_by_targets,,,,True,已验收
BJ-2023-DC-ERMO-Q19,BJ-2023-DC-ERMO,19,非选择题,exam_untouched_by_targets,,,,True,已验收
BJ-2023-DC-ERMO-Q20,BJ-2023-DC-ERMO,20,非选择题,exam_untouched_by_targets,,,,True,已验收
BJ-2025-DC-ERMO-Q1,BJ-2025-DC-ERMO,1,选择题,scattered_in_processed_exam,,,,True,已验收
BJ-2023-CY-ERMO-Q2,BJ-2023-CY-ERMO,2,选择题,exam_untouched_by_targets,,,,True,已验收
BJ-2023-CY-ERMO-Q3,BJ-2023-CY-ERMO,3,选择题,exam_untouched_by_targets,,,,True,已验收
BJ-2023-CY-ERMO-Q5,BJ-2023-CY-ERMO,5,选择题,exam_untouched_by_targets,,,,True,已验收
BJ-2023-CY-ERMO-Q6,BJ-2023-CY-ERMO,6,选择题,exam_untouched_by_targets,,,,True,已验收
BJ-2023-CY-ERMO-Q7,BJ-2023-CY-ERMO,7,选择题,exam_untouched_by_targets,,,,True,已验收
BJ-2023-CY-ERMO-Q8,BJ-2023-CY-ERMO,8,选择题,exam_untouched_by_targets,,,,True,已验收
BJ-2023-CY-ERMO-Q13,BJ-2023-CY-ERMO,13,选择题,exam_untouched_by_targets,,,,True,已验收
BJ-2023-CY-ERMO-Q14,BJ-2023-CY-ERMO,14,选择题,exam_untouched_by_targets,,,,True,已验收
BJ-2023-CY-ERMO-Q15,BJ-2023-CY-ERMO,15,选择题,exam_untouched_by_targets,,,,True,已验收
BJ-2023-CY-ERMO-Q16,BJ-2023-CY-ERMO,16,非选择题,exam_untouched_by_targets,,,,True,已验收
BJ-2023-CY-ERMO-Q18,BJ-2023-CY-ERMO,18,非选择题,exam_untouched_by_targets,,,,True,已验收
BJ-2023-CY-ERMO-Q19,BJ-2023-CY-ERMO,19,非选择题,exam_untouched_by_targets,,,,True,已验收
BJ-2023-CY-ERMO-Q20,BJ-2023-CY-ERMO,20,非选择题,exam_untouched_by_targets,,,,True,已验收
BJ-2023-CY-ERMO-Q21,BJ-2023-CY-ERMO,21,非选择题,exam_untouched_by_targets,,,,True,已验收
BJ-2024-HD-QIZHONG-Q1,BJ-2024-HD-QIZHONG,1,选择题,scattered_in_processed_exam,BJ-2025-HD-QIZHONG-Q1,,,True,已验收
BJ-2024-HD-QIZHONG-Q2,BJ-2024-HD-QIZHONG,2,选择题,scattered_in_processed_exam,BJ-2025-HD-QIZHONG-Q2,,bixiu2,True,已验收
BJ-2024-HD-QIZHONG-Q3,BJ-2024-HD-QIZHONG,3,选择题,scattered_in_processed_exam,BJ-2025-HD-QIZHONG-Q3,,,True,已验收
BJ-2024-HD-QIZHONG-Q13,BJ-2024-HD-QIZHONG,13,选择题,scattered_in_processed_exam,BJ-2025-HD-QIZHONG-Q13,,,True,已验收
BJ-2024-HD-QIZHONG-Q17,BJ-2024-HD-QIZHONG,17,非选择题,dup_of_covered,BJ-2025-HD-QIZHONG-Q17,bixiu2,bixiu2,True,已验收
BJ-2024-HD-QIZHONG-Q20,BJ-2024-HD-QIZHONG,20,非选择题,dup_of_covered,BJ-2025-HD-QIZHONG-Q20,bixiu2,bixiu2,True,已验收
BJ-2026-CY-QIMO-Q1,BJ-2026-CY-QIMO,1,选择题,scattered_in_processed_exam,,,,True,已验收
BJ-2023-HD-ERMO-Q1,BJ-2023-HD-ERMO,1,选择题,exam_untouched_by_targets,,,,True,已验收
BJ-2023-HD-ERMO-Q11,BJ-2023-HD-ERMO,11,选择题,exam_untouched_by_targets,,,,True,已验收
BJ-2023-HD-ERMO-Q12,BJ-2023-HD-ERMO,12,选择题,exam_untouched_by_targets,,,,True,已验收
BJ-2023-HD-ERMO-Q16,BJ-2023-HD-ERMO,16,非选择题,exam_untouched_by_targets,,,,True,已验收
BJ-2023-HD-ERMO-Q2,BJ-2023-HD-ERMO,2,选择题,exam_untouched_by_targets,,,,True,已验收
BJ-2023-HD-ERMO-Q21,BJ-2023-HD-ERMO,21,非选择题,exam_untouched_by_targets,,,,True,已验收
BJ-2023-HD-ERMO-Q3,BJ-2023-HD-ERMO,3,选择题,exam_untouched_by_targets,,,,True,已验收
BJ-2023-HD-ERMO-Q4,BJ-2023-HD-ERMO,4,选择题,exam_untouched_by_targets,,,,True,已验收
BJ-2023-HD-ERMO-Q5,BJ-2023-HD-ERMO,5,选择题,exam_untouched_by_targets,,,,True,已验收
BJ-2023-DC-YIMO-Q16,BJ-2023-DC-YIMO,16,非选择题,exam_untouched_by_targets,,,,True,已验收
BJ-2023-DC-YIMO-Q1,BJ-2023-DC-YIMO,1,选择题,exam_untouched_by_targets,,,,True,已验收
BJ-2023-DC-YIMO-Q10,BJ-2023-DC-YIMO,10,选择题,exam_untouched_by_targets,,,,True,已验收
BJ-2023-DC-YIMO-Q12,BJ-2023-DC-YIMO,12,选择题,exam_untouched_by_targets,,,,True,已验收
BJ-2023-DC-YIMO-Q13,BJ-2023-DC-YIMO,13,选择题,exam_untouched_by_targets,,,,True,已验收
BJ-2023-DC-YIMO-Q14,BJ-2023-DC-YIMO,14,选择题,exam_untouched_by_targets,,,,True,已验收
BJ-2023-DC-YIMO-Q15,BJ-2023-DC-YIMO,15,选择题,exam_untouched_by_targets,,,,True,已验收
BJ-2023-HD-YIMO-Q18,BJ-2023-HD-YIMO,18,非选择题,exam_untouched_by_targets,,,,True,已验收
BJ-2023-HD-YIMO-Q20,BJ-2023-HD-YIMO,20,非选择题,exam_untouched_by_targets,,,,True,已验收
BJ-2023-XC-YIMO-Q16,BJ-2023-XC-YIMO,16,非选择题,exam_untouched_by_targets,,,,True,已验收
BJ-2023-XC-YIMO-Q21,BJ-2023-XC-YIMO,21,非选择题,exam_untouched_by_targets,,,,True,已验收
BJ-2023-XC-YIMO-Q2,BJ-2023-XC-YIMO,2,选择题,exam_untouched_by_targets,,,,True,已验收
BJ-2023-XC-YIMO-Q3,BJ-2023-XC-YIMO,3,选择题,exam_untouched_by_targets,,,,True,已验收
BJ-2023-XC-YIMO-Q8,BJ-2023-XC-YIMO,8,选择题,exam_untouched_by_targets,,,,True,已验收
BJ-2023-XC-YIMO-Q12,BJ-2023-XC-YIMO,12,选择题,exam_untouched_by_targets,,,,True,已验收
BJ-2023-XC-YIMO-Q13,BJ-2023-XC-YIMO,13,选择题,exam_untouched_by_targets,,,,True,已验收
BJ-2023-XC-YIMO-Q14,BJ-2023-XC-YIMO,14,选择题,exam_untouched_by_targets,,,,True,已验收
BJ-2023-XC-YIMO-Q15,BJ-2023-XC-YIMO,15,选择题,exam_untouched_by_targets,,,,True,已验收
BJ-2023-XC-ERMO-Q21,BJ-2023-XC-ERMO,21,非选择题,exam_untouched_by_targets,,,,True,已验收
BJ-2023-XC-ERMO-Q3,BJ-2023-XC-ERMO,3,选择题,exam_untouched_by_targets,,,,True,已验收
BJ-2023-XC-ERMO-Q12,BJ-2023-XC-ERMO,12,选择题,exam_untouched_by_targets,,,,True,已验收
BJ-2023-XC-ERMO-Q13,BJ-2023-XC-ERMO,13,选择题,exam_untouched_by_targets,,,,True,已验收
BJ-2023-HD-QIZHONG-Q1,BJ-2023-HD-QIZHONG,1,选择题,exam_untouched_by_targets,,,,True,已验收
BJ-2023-HD-QIZHONG-Q3,BJ-2023-HD-QIZHONG,3,选择题,exam_untouched_by_targets,,,,True,已验收
BJ-2023-HD-QIZHONG-Q12,BJ-2023-HD-QIZHONG,12,选择题,exam_untouched_by_targets,,,,True,已验收
BJ-2023-HD-QIZHONG-Q13,BJ-2023-HD-QIZHONG,13,选择题,exam_untouched_by_targets,,,,True,已验收
BJ-2024-HD-YIMO-Q20,BJ-2024-HD-YIMO,20,非选择题,scattered_in_processed_exam,,,,True,已验收
BJ-2024-DC-ERMO-Q9,BJ-2024-DC-ERMO,9,选择题,scattered_in_processed_exam,,,,True,已验收
BJ-2024-DC-ERMO-Q10,BJ-2024-DC-ERMO,10,选择题,scattered_in_processed_exam,,,,True,已验收
BJ-2024-DC-ERMO-Q11,BJ-2024-DC-ERMO,11,选择题,scattered_in_processed_exam,,,,True,已验收
BJ-2024-FT-YIMO-Q10,BJ-2024-FT-YIMO,10,选择题,scattered_in_processed_exam,,,,True,已验收
BJ-2024-FT-YIMO-Q21,BJ-2024-FT-YIMO,21,非选择题,scattered_in_processed_exam,,,,True,已验收
BJ-2024-FT-ERMO-Q20,BJ-2024-FT-ERMO,20,非选择题,scattered_in_processed_exam,,,,True,已验收
BJ-2024-FT-ERMO-Q21,BJ-2024-FT-ERMO,21,非选择题,scattered_in_processed_exam,,,,True,已验收
BJ-2024-SJS-YIMO-Q1,BJ-2024-SJS-YIMO,1,选择题,scattered_in_processed_exam,,,,True,待复核
BJ-2025-HD-YIMO-Q11,BJ-2025-HD-YIMO,11,选择题,scattered_in_processed_exam,,,,True,待复核
BJ-2025-SJS-YIMO-Q1,BJ-2025-SJS-YIMO,1,选择题,scattered_in_processed_exam,,,,True,待复核
BJ-2025-SJS-YIMO-Q7,BJ-2025-SJS-YIMO,7,选择题,scattered_in_processed_exam,,,,True,待复核
BJ-2025-FT-ERMO-Q1,BJ-2025-FT-ERMO,1,选择题,scattered_in_processed_exam,,,,True,已验收
BJ-2025-DC-QIMO-Q2,BJ-2025-DC-QIMO,2,选择题,scattered_in_processed_exam,,,,True,已验收
BJ-2025-CY-QIMO-Q1,BJ-2025-CY-QIMO,1,选择题,scattered_in_processed_exam,,,,True,待复核
BJ-2025-HD-QIZHONG-Q18,BJ-2025-HD-QIZHONG,18,非选择题,exam_untouched_by_targets,,,,True,待复核
BJ-2025-HD-QIZHONG-Q19,BJ-2025-HD-QIZHONG,19,非选择题,dup_of_covered,BJ-2024-HD-QIZHONG-Q19,bixiu3,,True,待复核
BJ-2025-HD-QIZHONG-Q21,BJ-2025-HD-QIZHONG,21,非选择题,dup_of_covered,BJ-2024-HD-QIZHONG-Q21,bixiu3;xuanbi1;xuanbi2,,True,待复核
BJ-2025-HD-QIZHONG-Q1,BJ-2025-HD-QIZHONG,1,选择题,exam_untouched_by_targets,BJ-2024-HD-QIZHONG-Q1,,,True,待复核
BJ-2025-HD-QIZHONG-Q2,BJ-2025-HD-QIZHONG,2,选择题,exam_untouched_by_targets,BJ-2024-HD-QIZHONG-Q2,,,True,待复核
BJ-2025-HD-QIZHONG-Q3,BJ-2025-HD-QIZHONG,3,选择题,exam_untouched_by_targets,BJ-2024-HD-QIZHONG-Q3,,,True,待复核
BJ-2025-HD-QIZHONG-Q4,BJ-2025-HD-QIZHONG,4,选择题,dup_of_covered,BJ-2024-HD-QIZHONG-Q4,bixiu2,,True,待复核
BJ-2025-HD-QIZHONG-Q5,BJ-2025-HD-QIZHONG,5,选择题,dup_of_covered,BJ-2024-HD-QIZHONG-Q5,bixiu2,,True,待复核
BJ-2025-HD-QIZHONG-Q6,BJ-2025-HD-QIZHONG,6,选择题,dup_of_covered,BJ-2024-HD-QIZHONG-Q6,bixiu2,,True,待复核
BJ-2025-HD-QIZHONG-Q7,BJ-2025-HD-QIZHONG,7,选择题,dup_of_covered,BJ-2024-HD-QIZHONG-Q7,bixiu3,,True,待复核
BJ-2025-HD-QIZHONG-Q8,BJ-2025-HD-QIZHONG,8,选择题,dup_of_covered,BJ-2024-HD-QIZHONG-Q8,bixiu3,,True,待复核
BJ-2025-HD-QIZHONG-Q9,BJ-2025-HD-QIZHONG,9,选择题,dup_of_covered,BJ-2024-HD-QIZHONG-Q9,bixiu3;culture,,True,待复核
BJ-2025-HD-QIZHONG-Q10,BJ-2025-HD-QIZHONG,10,选择题,dup_of_covered,BJ-2024-HD-QIZHONG-Q10,bixiu2;bixiu3,,True,待复核
BJ-2025-HD-QIZHONG-Q11,BJ-2025-HD-QIZHONG,11,选择题,dup_of_covered,BJ-2024-HD-QIZHONG-Q11,bixiu2;bixiu3,,True,待复核
BJ-2025-HD-QIZHONG-Q12,BJ-2025-HD-QIZHONG,12,选择题,dup_of_covered,BJ-2024-HD-QIZHONG-Q12,xuanbi1,,True,待复核
BJ-2025-HD-QIZHONG-Q13,BJ-2025-HD-QIZHONG,13,选择题,exam_untouched_by_targets,BJ-2024-HD-QIZHONG-Q13,,,True,待复核
BJ-2025-HD-QIZHONG-Q14,BJ-2025-HD-QIZHONG,14,选择题,dup_of_covered,BJ-2024-HD-QIZHONG-Q14,bixiu2;xuanbi1,,True,待复核
BJ-2025-HD-QIZHONG-Q15,BJ-2025-HD-QIZHONG,15,选择题,dup_of_covered,BJ-2024-HD-QIZHONG-Q15,xuanbi1,,True,待复核
BJ-2025-HD-QIZHONG-Q25,BJ-2025-HD-QIZHONG,25,非选择题,dup_of_covered,BJ-2024-HD-QIZHONG-Q16,xuanbi1,,True,待复核
BJ-2026-FT-YIMO-Q19,BJ-2026-FT-YIMO,19,非选择题,scattered_in_processed_exam,,,,True,已验收
BJ-2026-YQ-YIMO-Q1,BJ-2026-YQ-YIMO,1,选择题,scattered_in_processed_exam,,,,True,已验收
BJ-2026-HD-YIMO-Q3,BJ-2026-HD-YIMO,3,选择题,scattered_in_processed_exam,,,,True,待复核
BJ-2026-SJS-YIMO-Q20,BJ-2026-SJS-YIMO,20,非选择题,scattered_in_processed_exam,,,,True,待复核
BJ-2026-TZ-YIMO-Q12,BJ-2026-TZ-YIMO,12,选择题,scattered_in_processed_exam,,,,True,待复核
BJ-2026-TZ-YIMO-Q19,BJ-2026-TZ-YIMO,19,非选择题,scattered_in_processed_exam,,,,True,待复核
BJ-2026-MTG-YIMO-Q2,BJ-2026-MTG-YIMO,2,选择题,scattered_in_processed_exam,,,,True,已验收
BJ-2026-FS-ERMO-Q1,BJ-2026-FS-ERMO,1,选择题,scattered_in_processed_exam,,,,True,已验收
BJ-2026-CP-ERMO-Q2,BJ-2026-CP-ERMO,2,选择题,exam_untouched_by_targets,,,,True,已验收
BJ-2026-CP-ERMO-Q3,BJ-2026-CP-ERMO,3,选择题,exam_untouched_by_targets,,,,True,已验收
BJ-2026-CP-ERMO-Q4,BJ-2026-CP-ERMO,4,选择题,exam_untouched_by_targets,,,,True,已验收
BJ-2026-CP-ERMO-Q5,BJ-2026-CP-ERMO,5,选择题,exam_untouched_by_targets,,,,True,已验收
BJ-2026-CP-ERMO-Q6,BJ-2026-CP-ERMO,6,选择题,exam_untouched_by_targets,,,,True,已验收
BJ-2026-CP-ERMO-Q7,BJ-2026-CP-ERMO,7,选择题,exam_untouched_by_targets,,,,True,已验收
BJ-2026-CP-ERMO-Q10,BJ-2026-CP-ERMO,10,选择题,exam_untouched_by_targets,,,,True,已验收
BJ-2026-CP-ERMO-Q11,BJ-2026-CP-ERMO,11,选择题,exam_untouched_by_targets,,,,True,已验收
BJ-2026-CP-ERMO-Q12,BJ-2026-CP-ERMO,12,选择题,exam_untouched_by_targets,,,,True,已验收
BJ-2026-CP-ERMO-Q13,BJ-2026-CP-ERMO,13,选择题,exam_untouched_by_targets,,,,True,已验收
BJ-2026-CP-ERMO-Q14,BJ-2026-CP-ERMO,14,选择题,exam_untouched_by_targets,,,,True,已验收
BJ-2026-CP-ERMO-Q15,BJ-2026-CP-ERMO,15,选择题,exam_untouched_by_targets,,,,True,已验收
BJ-2026-CP-ERMO-Q16,BJ-2026-CP-ERMO,16,非选择题,exam_untouched_by_targets,,,,True,已验收
BJ-2026-CP-ERMO-Q18,BJ-2026-CP-ERMO,18,非选择题,exam_untouched_by_targets,,,,True,已验收
BJ-2026-CP-ERMO-Q19,BJ-2026-CP-ERMO,19,非选择题,exam_untouched_by_targets,,,,True,已验收
BJ-2026-CP-ERMO-Q20,BJ-2026-CP-ERMO,20,非选择题,exam_untouched_by_targets,,,,True,已验收
BJ-2026-CP-ERMO-Q21,BJ-2026-CP-ERMO,21,非选择题,exam_untouched_by_targets,,,,True,已验收
BJ-2026-SJS-ERMO-Q18,BJ-2026-SJS-ERMO,18,非选择题,scattered_in_processed_exam,,,,True,已验收
BJ-2026-SJS-ERMO-Q6,BJ-2026-SJS-ERMO,6,选择题,scattered_in_processed_exam,,,,True,已验收
BJ-2026-SY-ERMO-Q20,BJ-2026-SY-ERMO,20,非选择题,scattered_in_processed_exam,,,,True,待复核
BJ-2026-SY-ERMO-Q7,BJ-2026-SY-ERMO,7,选择题,scattered_in_processed_exam,,,,True,待复核
BJ-2026-CP-QIMO-Q1,BJ-2026-CP-QIMO,1,选择题,exam_untouched_by_targets,,,,True,已验收
BJ-2026-CP-QIMO-Q2,BJ-2026-CP-QIMO,2,选择题,exam_untouched_by_targets,,,,True,已验收
BJ-2026-CP-QIMO-Q3,BJ-2026-CP-QIMO,3,选择题,exam_untouched_by_targets,,,,True,已验收
BJ-2026-CP-QIMO-Q4,BJ-2026-CP-QIMO,4,选择题,exam_untouched_by_targets,,,,True,已验收
BJ-2026-CP-QIMO-Q5,BJ-2026-CP-QIMO,5,选择题,exam_untouched_by_targets,,,,True,已验收
BJ-2026-CP-QIMO-Q6,BJ-2026-CP-QIMO,6,选择题,exam_untouched_by_targets,,,,True,已验收
BJ-2026-CP-QIMO-Q7,BJ-2026-CP-QIMO,7,选择题,exam_untouched_by_targets,,,,True,已验收
BJ-2026-CP-QIMO-Q10,BJ-2026-CP-QIMO,10,选择题,exam_untouched_by_targets,,,,True,已验收
BJ-2026-CP-QIMO-Q12,BJ-2026-CP-QIMO,12,选择题,exam_untouched_by_targets,,,,True,已验收
BJ-2026-CP-QIMO-Q13,BJ-2026-CP-QIMO,13,选择题,exam_untouched_by_targets,,,,True,已验收
BJ-2026-CP-QIMO-Q14,BJ-2026-CP-QIMO,14,选择题,exam_untouched_by_targets,,,,True,已验收
BJ-2026-CP-QIMO-Q15,BJ-2026-CP-QIMO,15,选择题,exam_untouched_by_targets,,,,True,已验收
BJ-2026-CP-QIMO-Q16,BJ-2026-CP-QIMO,16,非选择题,exam_untouched_by_targets,,,,True,已验收
BJ-2026-CP-QIMO-Q18,BJ-2026-CP-QIMO,18,选择题,dup_of_covered,BJ-2026-FT-YIMO-Q20,xuanbi2,,True,已验收
BJ-2026-CP-QIMO-Q19,BJ-2026-CP-QIMO,19,非选择题,exam_untouched_by_targets,,,,True,已验收
BJ-2026-CP-QIMO-Q20,BJ-2026-CP-QIMO,20,非选择题,exam_untouched_by_targets,,,,True,已验收
BJ-2026-CP-QIMO-Q21,BJ-2026-CP-QIMO,21,非选择题,exam_untouched_by_targets,,,,True,已验收
BJ-2026-CY-QIZHONG-Q11,BJ-2026-CY-QIZHONG,11,选择题,scattered_in_processed_exam,,,,True,已验收
BJ-2026-HD-QIZHONG-Q1,BJ-2026-HD-QIZHONG,1,选择题,scattered_in_processed_exam,,,,True,待复核
BJ-2026-HD-QIMO-Q15,BJ-2026-HD-QIMO,15,选择题,scattered_in_processed_exam,,,,True,已验收
BJ-2026-XC-QIMO-Q11,BJ-2026-XC-QIMO,11,选择题,scattered_in_processed_exam,,,,True,已验收
BJ-2026-SJS-QIMO-Q16,BJ-2026-SJS-QIMO,16,非选择题,scattered_in_processed_exam,,,,True,已验收
BJ-2026-SJS-QIMO-Q19,BJ-2026-SJS-QIMO,19,非选择题,scattered_in_processed_exam,,,,True,已验收
BJ-2026-SJS-QIMO-Q20,BJ-2026-SJS-QIMO,20,非选择题,scattered_in_processed_exam,,,,True,已验收
BJ-2026-SJS-QIMO-Q7,BJ-2026-SJS-QIMO,7,选择题,scattered_in_processed_exam,,,,True,已验收
BJ-2026-SJS-QIMO-Q12,BJ-2026-SJS-QIMO,12,选择题,scattered_in_processed_exam,,,,True,已验收
BJ-2026-BJ-GAOKAO-Q16,BJ-2026-BJ-GAOKAO,16,非选择题,scattered_in_processed_exam,,,,True,已验收
BJ-2026-BJ-GAOKAO-Q5,BJ-2026-BJ-GAOKAO,5,选择题,scattered_in_processed_exam,,,,True,已验收
BJ-2026-BJ-GAOKAO-Q15,BJ-2026-BJ-GAOKAO,15,选择题,scattered_in_processed_exam,,,,True,已验收
BJ-2026-SJS-QIMO-Q15,BJ-2026-SJS-QIMO,15,选择题,scattered_in_processed_exam,,,,True,已验收
BJ-2023-HD-YIMO-Q1,BJ-2023-HD-YIMO,1,选择题,exam_untouched_by_targets,,,,True,已验收
BJ-2023-HD-YIMO-Q5,BJ-2023-HD-YIMO,5,选择题,exam_untouched_by_targets,,,,True,已验收
BJ-2023-HD-YIMO-Q6,BJ-2023-HD-YIMO,6,选择题,exam_untouched_by_targets,,,,True,已验收
BJ-2023-HD-YIMO-Q8,BJ-2023-HD-YIMO,8,选择题,exam_untouched_by_targets,,,,True,已验收
BJ-2023-HD-YIMO-Q9,BJ-2023-HD-YIMO,9,选择题,exam_untouched_by_targets,,,,True,已验收
BJ-2026-FT-ERMO-Q20,BJ-2026-FT-ERMO,20,非选择题,scattered_in_processed_exam,,,,True,已验收
