assembly_id,assembly_source_id,assembly_rel_path,block_index,line_range,chars,status,matched_exam_id,matched_question_id,evidence,best_overlap,second_overlap,margin,preview
ASM-2024届各区一模试题分类汇编必修1,S14501f7fbb96,2024模拟题/202404各区一模试题分类（按模块）/2024届各区一模试题分类汇编必修1.docx,1,1-14,504,已定位实际出处（汇编内标注）,BJ-2024-SJS-YIMO,BJ-2024-SJS-YIMO-Q1,汇编正文标注 （2024石景山一模1）,0.4491,0.4425,0.0066,1.（2024石景山一模1） “军叫工农革命，旗号镰刀斧头。”困难重重的时刻，如何使一支成分复杂的工农武装脱胎换骨成为新型人民军队？从南昌起义到三湾改编再到古田会议，终于给出了历史的回答。今天，无论使命任务如何变化，人民军队都不能忘记自己的“根”。这启示我们 ①保证党领导人民有效治理国家，需要坚持依法执政 ②坚持党对军
ASM-2024届各区一模试题分类汇编必修1,S14501f7fbb96,2024模拟题/202404各区一模试题分类（按模块）/2024届各区一模试题分类汇编必修1.docx,3,26-32,283,已定位实际出处（汇编内标注）,BJ-2024-FT-YIMO,BJ-2024-FT-YIMO-Q1,汇编正文标注 （2024丰台一模1）,0.7422,0.4844,0.2578,"3.（2024丰台一模1）“每一代人有每一代人的长征路,每一代人都要走好自己的长征路。”长征这一惊天动地的革命壮举,是中国共产党和红军谱写的壮丽史诗,是中华民族伟大复兴历史进程中的巍峨丰碑。新时代,各地围绕再走“长征路”、再写“英雄谱”、再现“红飘带”开展了丰富多彩的活动。开展这些活动 ①在回望长征历程中铭记革命先辈丰"
ASM-2024届各区一模试题分类汇编必修1,S14501f7fbb96,2024模拟题/202404各区一模试题分类（按模块）/2024届各区一模试题分类汇编必修1.docx,4,32-38,255,已定位实际出处（汇编内标注）,BJ-2024-HD-YIMO,BJ-2024-HD-YIMO-Q1,汇编正文标注 (2024海淀一模1),0.8814,0.0678,0.8136,4.(2024海淀一模1)栉风沐雨，浴血淬火。90年前，中共中央和中央红军从江西瑞金等地出发，从巧渡金沙江到强渡大渡河，从飞夺泸定桥到翻雪山、过草地，长征故事广为流传，长征精神已成为中国共产党人精神谱系中的宝贵财富。站在新的历史方位，走好新时代的长征路，需要 ①厚植为民情怀，着力践行以人民为中心的发展思想 ②坚守革命信
ASM-2024届各区一模试题分类汇编必修1,S14501f7fbb96,2024模拟题/202404各区一模试题分类（按模块）/2024届各区一模试题分类汇编必修1.docx,5,38-67,875,已定位实际出处（文本比对）,BJ-2024-HD-YIMO,BJ-2024-HD-YIMO-Q20,6-gram 重叠 0.7231，领先次佳 0.6313,0.7231,0.0918,0.6313,5.（2024海淀一模20（9分））开展党史学习教育，以史鉴今、资政育人。 2024年2月初，中共中央印发《党史学习教育工作条例》，并发出通知，要求各地区各部门认真遵照执行。 党史学习教育工作条例 <!-- 表格 2（1 行） --> | 第二十一条 用好革命博物馆、纪念馆、党史馆、烈士纪念设施、革命旧址等红色资源，保
ASM-2024届各区一模试题分类汇编必修1,S14501f7fbb96,2024模拟题/202404各区一模试题分类（按模块）/2024届各区一模试题分类汇编必修1.docx,6,80-96,344,已定位实际出处（汇编内标注）,BJ-2024-XC-YIMO,BJ-2024-XC-YIMO-Q1,汇编正文标注 （2024西城一模1）,0.9585,0.0383,0.9201,6.（2024西城一模1） 中国经济何以“磁力”不减？陕西杨凌的小麦种子怎样翻山越岭，在哈萨克斯坦落地生根？巴西铁矿石如何在中国炼出“绿色”钢铁？“中国建造”为什么能又快又好？在多语种系列短视频《在中国寻找答案》（第三季）中，来自9个国家的主持人与融入中国工作生活的国际“打工人”一起踏上“在中国寻找答案”的旅程。假如主
ASM-2024届各区一模试题分类汇编必修1,S14501f7fbb96,2024模拟题/202404各区一模试题分类（按模块）/2024届各区一模试题分类汇编必修1.docx,7,96-105,298,已定位实际出处（汇编内标注）,BJ-2024-SJS-YIMO,BJ-2024-SJS-YIMO-Q1,汇编正文标注 （2024石景山一模1）,0.9438,0.0482,0.8956,7.（2024石景山一模1） “党指挥枪”的三个历史节点示意图 “军叫工农革命，旗号镰刀斧头。”困难重重的时刻，如何使一支成分复杂的工农武 装脱胎换骨成为新型人民军队？从南昌起义到三湾改编再到古田会议，终于给出了 历史的回答。今天，无论使命任务如何变化，人民军队都不能忘记自己的“根”。 这启示我们 ①保证党领导人民有效
ASM-2024届各区一模试题分类汇编必修1,S14501f7fbb96,2024模拟题/202404各区一模试题分类（按模块）/2024届各区一模试题分类汇编必修1.docx,8,105-114,484,已定位实际出处（汇编内标注）,BJ-2024-SJS-YIMO,BJ-2024-SJS-YIMO-Q20,汇编正文标注 （2024石景山一模20）,0.9424,0.1391,0.8034,8.（2024石景山一模20）中国式现代化是强国建设、民族复兴的康庄大道。 中国式现代化既有各国现代化的共同特征，更有基于自己国情的鲜明特色。党的二十大报告明确概括了中国式现代化五个方面的中国特色，深刻揭示了中国式现代化的科 学内涵。 中国共产党领导人民前赴后继奋斗了百余年，为国家发展创造了诸多战略性有利条 件，使得中
ASM-2024届各区一模试题分类汇编必修1,S14501f7fbb96,2024模拟题/202404各区一模试题分类（按模块）/2024届各区一模试题分类汇编必修1.docx,9,125-131,277,已解析出处但本库无此卷（原料缺口）,BJ-2024-MTG-YIMO,,汇编标注 (2024门头沟一模7)；该卷不在本库（已核实工作区与全部已授权原料根均无此卷）,0.0905,0.0617,0.0288,9.(2024门头沟一模7)党的二十大后，党中央对《中国共产党纪律处分条例》进行了第三次修订，此次修订是将党章要求具体化为纪律规定的实际行动，是实现和其他党内法规、国家法律相衔接的生动体现，也是释放出以严明纪律管全党、治全党的鲜明信号。对此理解正确的是 ①全面从严治党是推进党的建设新的伟大工程的必然要求 ②党坚持依法行
ASM-2024届各区一模试题分类汇编必修2 ,S3965bc306d35,2024模拟题/202404各区一模试题分类（按模块）/2024届各区一模试题分类汇编必修2 .docx,1,3-17,573,已定位实际出处（汇编内标注）,BJ-2024-FT-YIMO,BJ-2024-FT-YIMO-Q12,汇编正文标注 （2024丰台一模12）,0.3327,0.0523,0.2804,"1.（2024丰台一模12）围绕促进民营经济发展壮大,一系列重磅政策出台落地,破除壁垒、要素支持、保护权益，民营经济恢复向好发展因素持续累积,展现出强大的经济韧性和活力。关于发展民营经济,下列理解正确的是 ①民营企业要制定正确的经营战略,持续提质增效,追求高质量发展 ②政府深化要素市场化配置改革，有利于民营企业公平参与"
ASM-2024届各区一模试题分类汇编必修2 ,S3965bc306d35,2024模拟题/202404各区一模试题分类（按模块）/2024届各区一模试题分类汇编必修2 .docx,2,17-23,251,已定位实际出处（文本比对）,BJ-2024-HD-YIMO,BJ-2024-HD-YIMO-Q12,6-gram 重叠 0.8836，领先次佳 0.8319,0.8836,0.0517,0.8319,2.（2024海淀12）为更好满足旅客群体多样化、个性化的需求，今年春运期间，高铁列车在增加“静音车厢”的基础上开设“遛娃舱”，供带娃家庭使用。家长可以陪伴孩子一起玩游戏，也可以委托乘务员进行代管。高铁“溜娃舱”的设置 ①体现铁路企业主动作为，为不同需求的旅客带来良好出行体验 ②有利于缓解春运高铁运力的供求矛盾，激发各
ASM-2024届各区一模试题分类汇编必修2 ,S3965bc306d35,2024模拟题/202404各区一模试题分类（按模块）/2024届各区一模试题分类汇编必修2 .docx,3,23-30,332,已解析出处但本库无此卷（原料缺口）,BJ-2024-MTG-YIMO,,汇编标注 （2024门头沟一模4）；该卷不在本库（已核实工作区与全部已授权原料根均无此卷）,0.039,0.039,0.0,3.（2024门头沟一模4）C2M是英文Customer-to-Manufacturer的缩写，被称为“短路经济”。C2M模式，用户直连制造商， 消费者直接通过平台下单，工厂接收消费者的个性化需求订单，然后根据需求设计、采购、生产、发货。特点是按需求生产，用户先下单，工厂再生产，没有库销比，消除库存顽疾。 如图可知，该
ASM-2024届各区一模试题分类汇编必修2 ,S3965bc306d35,2024模拟题/202404各区一模试题分类（按模块）/2024届各区一模试题分类汇编必修2 .docx,4,30-36,283,已解析出处但本库无此卷（原料缺口）,BJ-2024-MTG-YIMO,,汇编标注 （2024门头沟一模6）；该卷不在本库（已核实工作区与全部已授权原料根均无此卷）,0.0685,0.0639,0.0046,4.（2024门头沟一模6）《中共中央国务院关于促进民营经济发展壮大的意见》提出，要持续破除市场准入壁垒、完善融资支持政策制度、强化人才和用工需求保障、持续完善知识产权保护体系等。下列对上述政策效应分析正确的是 ①完善融资支持政策→扩大融资规模→降低民营企业融贷风险 ②破除市场准入壁垒→放宽市场准入门槛→激发民营经济发
ASM-2024届各区一模试题分类汇编必修2 ,S3965bc306d35,2024模拟题/202404各区一模试题分类（按模块）/2024届各区一模试题分类汇编必修2 .docx,5,36-42,291,已定位实际出处（汇编内标注）,BJ-2024-SJS-YIMO,BJ-2024-SJS-YIMO-Q12,汇编正文标注 （2024石景山一模12）,0.9453,0.0511,0.8942,5.（2024石景山一模12）“冰天雪地也是金山银山。”从热闹的冰雪赛到火爆的冰雪游，从美轮美奂的冰雪 雕塑到惊险刺激的冰雪运动，我国冰雪经济正展现出日益广阔的前景。文化、旅游、 体育赛事、健康养老等相关产业与冰雪经济深度融合发展，切实推动冰雪运动、冰 雪文化、冰雪装备、冰雪旅游全产业链发展。冰雪经济的发展有利于 ①需
ASM-2024届各区一模试题分类汇编必修2 ,S3965bc306d35,2024模拟题/202404各区一模试题分类（按模块）/2024届各区一模试题分类汇编必修2 .docx,6,42-48,268,已定位实际出处（汇编内标注）,BJ-2024-SJS-YIMO,BJ-2024-SJS-YIMO-Q13,汇编正文标注 （2024石景山一模13）20,0.919,0.0526,0.8664,6.（2024石景山一模13）2023 年 11 月，《关于北京市全面优化营商环境打造“北京服务”的意见》发布。北 京在夯实“北京标准”“北京效率”“北京诚信”的基础上，将全面塑造首善标准、 国际一流的“北京服务”。这有利于 ①发挥标准化在优化营商环境中的基础性作用，强化“北京标准”的引领性 ②鼓励更多社会力量投入公共
ASM-2024届各区一模试题分类汇编必修2 ,S3965bc306d35,2024模拟题/202404各区一模试题分类（按模块）/2024届各区一模试题分类汇编必修2 .docx,7,48-54,315,已解析出处但本库无此卷（原料缺口）,BJ-2024-FS-YIMO,,汇编标注 （2024房山一模2）；该卷不在本库（已核实工作区与全部已授权原料根均无此卷）,0.0465,0.0399,0.0066,7.（2024房山一模2）当前，我国正加快构建内外联通、高效便捷的物流网络，从构建国内国际物流大通道到补齐农村物流、冷链物流的短板，再到科技数字化赋能、培育枢纽经济等新形态，一系列事关长远的顶层设计为高水平建设现代物流体系、推动高质量发展锚定方向。构建现代化物流体系能够 ①推进构建全国统一大市场，推动供应链稳定发展 ②
ASM-2024届各区一模试题分类汇编必修2 ,S3965bc306d35,2024模拟题/202404各区一模试题分类（按模块）/2024届各区一模试题分类汇编必修2 .docx,8,54-60,294,已定位实际出处（汇编内标注）,BJ-2024-CY-YIMO,BJ-2024-CY-YIMO-Q13,汇编正文标注 （2024朝阳一模13）13,0.0813,0.0424,0.0389,"8.（2024朝阳一模13）13.从2024年开始,国家拟连续几年发行超长期特别国债,专项用于国家重大战略实施和重点领域安全能力建设,重点支持科技创新、城乡融合发展、区域协调发展、粮食能源安全、人口高质量发展等领域建设。超长期特别国债既利当前,又惠长远，其对国民经济影响的路径正确的是 A.政府投资规模扩大→重大战略投入"
ASM-2024届各区一模试题分类汇编必修2 ,S3965bc306d35,2024模拟题/202404各区一模试题分类（按模块）/2024届各区一模试题分类汇编必修2 .docx,9,60-83,634,已定位实际出处（汇编内标注）,BJ-2024-CY-YIMO,BJ-2024-CY-YIMO-Q17,汇编正文标注 （2024朝阳一模17）,0.4221,0.3478,0.0744,9.（2024朝阳一模17） 人口老龄化是我国今后较长一个时期的基本国情。我们应坚持应对人口老龄化和促进经济社会发展相结合，坚持满足老年人需求和解决人口老龄化问题相结合，努力挖掘人口老龄化给国家发展带来的活力和机遇。 银发经济是向老年人提供产品或服务，以及为老龄阶段作准备等一系列经济活动的总和，既包括老年阶段的“老龄经
ASM-2024届各区一模试题分类汇编必修2 ,S3965bc306d35,2024模拟题/202404各区一模试题分类（按模块）/2024届各区一模试题分类汇编必修2 .docx,10,83-90,421,已定位实际出处（汇编内标注）,BJ-2024-FT-YIMO,BJ-2024-FT-YIMO-Q18,汇编正文标注 （2024丰台一模18）,0.1495,0.0851,0.0644,"10.（2024丰台一模18）材料二 多措并举赋能新质生产力发展 运用《经济与社会》知识,说明上述举措为发展新质生产力赋能的经济逻辑。(9分) 畅通教育、科技、人才的良性循环，有利于营造创新环境，释放人才创新活力；加强 科技创新，有利于形成新业态、新产业，推动产业链条的升级发展，为发展新质生产力提供要素支 撑。 加快建"
ASM-2024届各区一模试题分类汇编必修2 ,S3965bc306d35,2024模拟题/202404各区一模试题分类（按模块）/2024届各区一模试题分类汇编必修2 .docx,11,90-287,7211,已解析出处但本库无此卷（原料缺口）,BJ-2024-FS-YIMO,,汇编标注 （2024房山一模）19）；该卷不在本库（已核实工作区与全部已授权原料根均无此卷）,0.1331,0.0601,0.073,"11.（2024房山一模）19）发展老年助餐服务是增进老年人福祉的重要举措。为更好地推动老年助餐服务的可持续发展，某地出台了《加快发展老年助餐服务实施方案》(下表)，效果良好。 结合材料,运用《经济与社会》知识,分析该地区老年食堂是如何实现可持续发展的。（8分） (1)该地政府履行经济职能，(替代科学的宏观调控、有效的"
ASM-2024届各区一模试题分类汇编必修3,Sb2adb9acbea5,2024模拟题/202404各区一模试题分类（按模块）/2024届各区一模试题分类汇编必修3.docx,1,1-30,871,已定位实际出处（标注定区届+比对定年份）,BJ-2024-HD-YIMO,BJ-2024-HD-YIMO-Q20,标注 （海淀1模20）（无年份）；在 BJ-2023-HD-YIMO/BJ-2024-HD-YIMO/BJ-2025-HD-YIMO/BJ-2026-HD-YIMO 内比对定年，重叠 0.7316,0.7316,0.0837,0.6479,1.（海淀1模20）（9分）开展党史学习教育，以史鉴今、资政育人。 2024年2月初，中共中央印发《党史学习教育工作条例》，并发出通知，要求各地区各部门认真遵照执行。 党史学习教育工作条例 <!-- 表格 1（1 行） --> | 第二十一条 用好革命博物馆、纪念馆、党史馆、烈士纪念设施、革命旧址等红色资源，保护利用好
ASM-2024届各区一模试题分类汇编必修3,Sb2adb9acbea5,2024模拟题/202404各区一模试题分类（按模块）/2024届各区一模试题分类汇编必修3.docx,2,43-47,230,已定位实际出处（标注定区届+比对定年份）,BJ-2024-XC-YIMO,BJ-2024-XC-YIMO-Q3,标注 （西城1模3）（无年份）；在 BJ-2023-XC-YIMO/BJ-2024-XC-YIMO/BJ-2025-XC-YIMO/BJ-2026-XC-YIMO 内比对定年，重叠 0.9587,0.9587,0.0046,0.9541,2．（西城1模3） 东晋谢安镇守广陵期间，发现甘棠西北为湖，地势西高东低，旱涝频繁交替，庄稼连年歉收，百姓苦不堪言，便组织人手在湖上筑起拦水大堤灌溉农田，“随时蓄泄，岁用丰稔”。一段时间后，远近渔农聚集甘棠，生产作业，遂成繁荣集镇。《晋书》评价谢安此功曰：“在官无当时誉，去后为人所思。”这启示党员干部，应具备的价值追求
ASM-2024届各区一模试题分类汇编必修3,Sb2adb9acbea5,2024模拟题/202404各区一模试题分类（按模块）/2024届各区一模试题分类汇编必修3.docx,3,47-50,254,已定位实际出处（标注定区届+比对定年份）,BJ-2024-XC-YIMO,BJ-2024-XC-YIMO-Q19,标注 （西城1模19）（无年份）；在 BJ-2023-XC-YIMO/BJ-2024-XC-YIMO/BJ-2025-XC-YIMO/BJ-2026-XC-YIMO 内比对定年，重叠 0.9631,0.9631,0.0779,0.8852,3.（西城1模19） 党的十九届四中、五中全会均提出构建社会主义市场经济条件下关键核心技术攻关新型举国体制。党的二十大报告强调健全新型举国体制，提出加快实施创新驱动发展战略，强化企业科技创新主体地位，发挥科技型骨干企业引领支撑作用，营造有利于科技型中小微企业成长的良好环境，推动创新链产业链资金链人才链深度融合。 从中央
ASM-2024届各区一模试题分类汇编必修3,Sb2adb9acbea5,2024模拟题/202404各区一模试题分类（按模块）/2024届各区一模试题分类汇编必修3.docx,4,54-58,215,待复核,,,标注 （丰台1模16） (8  无年份，候选 BJ-2023-FT-YIMO/BJ-2024-FT-YIMO/BJ-2025-FT-YIMO/BJ-2026-FT-YIMO 内最佳重叠 0.3701 未达门槛,0.3701,0.0844,0.2857,"4.（丰台1模16） (8 分) "" 四下基层"" 即宣传党的路线 、方针 、政策下基层 , 调查研究下基层 , 信访接待下基 层 , 现场办公下基层 。 各地积极践行"" 四下基层"" , 以实干开新局 、躬身谋发展。 新时代新征程上 , 用好"" 四下基层"" 这 一 重要抓手 , 为社会主义现代化建设注入强劲 动力 。 结"
ASM-2024届各区一模试题分类汇编必修3,Sb2adb9acbea5,2024模拟题/202404各区一模试题分类（按模块）/2024届各区一模试题分类汇编必修3.docx,5,60-63,244,已定位实际出处（标注定区届+比对定年份）,BJ-2024-SJS-YIMO,BJ-2024-SJS-YIMO-Q20,标注 （石景山1模20）（8 （无年份）；在 BJ-2024-SJS-YIMO/BJ-2025-SJS-YIMO/BJ-2026-SJS-YIMO 内比对定年，重叠 0.9269,0.9269,0.105,0.8219,5.（石景山1模20）（8 分） 中国式现代化是强国建设、民族复兴的康庄大道。 中国式现代化既有各国现代化的共同特征，更有基于自己国情的鲜明特色。党的二 十大报告明确概括了中国式现代化五个方面的中国特色，深刻揭示了中国式现代化的科 学内涵。 中国共产党领导人民前赴后继奋斗了百余年，为国家发展创造了诸多战略性有利条 件，
ASM-2024届各区一模试题分类汇编必修3,Sb2adb9acbea5,2024模拟题/202404各区一模试题分类（按模块）/2024届各区一模试题分类汇编必修3.docx,6,74-80,306,待复核,,,标注 （门头沟1模1） 无年份，候选 BJ-2025-MTG-YIMO/BJ-2026-MTG-YIMO 内最佳重叠 0.0194 未达门槛,0.062,0.062,0.0,6．（门头沟1模1）全国两会是一扇民意的窗口，也预示着未来社会发展的方向。2024年“两会热词”中，“就业”“医疗”“养老”等民生保障呼声不减。代表委员们通过两会集思广益、凝心聚力；各国家机关和广大党员干部以更具体、更实在的政策与行动，让人民有更多期待，让民生“实景图”更加色彩斑斓。对此，下列认识正确的是 ①充分彰显了
ASM-2024届各区一模试题分类汇编必修3,Sb2adb9acbea5,2024模拟题/202404各区一模试题分类（按模块）/2024届各区一模试题分类汇编必修3.docx,7,80-87,273,待复核,,,标注 （门头沟1模7） 无年份，候选 BJ-2025-MTG-YIMO/BJ-2026-MTG-YIMO 内最佳重叠 0.0460 未达门槛,0.0921,0.0628,0.0293,7.（门头沟1模7）党的二十大后，党中央对《中国共产党纪律处分条例》进行了第三次修订，此次修订是将党章要求具体化为纪律规定的实际行动，是实现和其他党内法规、国家法律相衔接的生动体现，也是释放出以严明纪律管全党、治全党的鲜明信号。对此理解正确的是 ①全面从严治党是推进党的建设新的伟大工程的必然要求 ②党坚持依法行政的重要
ASM-2024届各区一模试题分类汇编必修3,Sb2adb9acbea5,2024模拟题/202404各区一模试题分类（按模块）/2024届各区一模试题分类汇编必修3.docx,8,87-95,590,待复核,,,标注 （门头沟1模21）（1 无年份，候选 BJ-2025-MTG-YIMO/BJ-2026-MTG-YIMO 内最佳重叠 0.0121 未达门槛,0.0243,0.0208,0.0035,8.（门头沟1模21）（10分）共克时艰渡难关，救灾复建谱新篇。门头沟区遭遇百年罕见洪灾，40万老区人民和广大党员干部的勠力同心、抗洪抢险、共筑美好家园。 镜头一：“风里雨里”显担当，防汛一线党旗红 灾情来袭，全区1400余个基层党组织、近4万名党员冲锋在前，89个临时党支部迅速集结、368支“红色先锋突击队”奋勇当先
ASM-2024届各区一模试题分类汇编必修3,Sb2adb9acbea5,2024模拟题/202404各区一模试题分类（按模块）/2024届各区一模试题分类汇编必修3.docx,9,181-190,267,已定位实际出处（标注定区届+比对定年份）,BJ-2024-SJS-YIMO,BJ-2024-SJS-YIMO-Q9,标注 (石景山一模9）（无年份）；在 BJ-2024-SJS-YIMO/BJ-2025-SJS-YIMO/BJ-2026-SJS-YIMO 内比对定年，重叠 0.9519,0.9519,0.0625,0.8894,9.(石景山一模9）十三届全国政协召开第二次双周协商座谈会时，曾围绕《条例》的制定建言献策。 其中，关于“建立选择性宵禁和上网时间提醒制度”等建议在修订后的未成年人保 护法“网络保护”专章中得到体现。这说明人民政协 ①搭建民主协商平台，为委员行使监督权提供了渠道 ②参与立法协商，在国家立法工作中起到了积极作用 ③充分履
ASM-2024届各区一模试题分类汇编必修3,Sb2adb9acbea5,2024模拟题/202404各区一模试题分类（按模块）/2024届各区一模试题分类汇编必修3.docx,10,190-204,481,已定位实际出处（标注定区届+比对定年份）,BJ-2024-SJS-YIMO,BJ-2024-SJS-YIMO-Q18,标注 (石景山一模18）（13 （无年份）；在 BJ-2024-SJS-YIMO/BJ-2025-SJS-YIMO/BJ-2026-SJS-YIMO 内比对定年，重叠 0.9264,0.9264,0.0428,0.8836,10.(石景山一模18）（13 分） 为弘扬新时代“枫桥经验”，助力社会矛盾纠纷在法治轨道上得到解决，石景山法 院在巩固深化党建法治共建机制的基础上，推出“一米法庭”项目。“一米法庭”中“一 米”音同“益民”，取“有益人民”之意，一米之距，代表法院与群众距离贴近，传递 “一套桌椅、一米见方，努力化解纠纷”的工作理念。要
ASM-2024届各区一模试题分类汇编必修3,Sb2adb9acbea5,2024模拟题/202404各区一模试题分类（按模块）/2024届各区一模试题分类汇编必修3.docx,11,205-212,272,待复核,,,标注 （门头沟1模3） 无年份，候选 BJ-2025-MTG-YIMO/BJ-2026-MTG-YIMO 内最佳重叠 0.0077 未达门槛,0.0192,0.0153,0.0038,11.（门头沟1模3）某校学生在社会实践过程中搜集整理了如下资料 某县在基层党委的引领下，依靠当地产业、乡村旅游、村民信息等数据，建立“村村通”政务治理平台。全县行政村的数据都接入“城市大脑”，实现了“数字乡村一张图”，解决了群众办事出门难、路途远、环节多、手续杂等问题。方便村民办事“最多跑一次”、“办事不出村”。 从
ASM-2024届各区一模试题分类汇编必修3,Sb2adb9acbea5,2024模拟题/202404各区一模试题分类（按模块）/2024届各区一模试题分类汇编必修3.docx,12,212-218,386,待复核,,,标注 （房山1模9） 无年份，候选 BJ-2025-FS-YIMO/BJ-2026-FS-YIMO 内最佳重叠 0.0354 未达门槛,0.0418,0.0386,0.0032,**12.（房山1模9）国务院发布的《关于进一步优化政务服务提升行政效能推动“高效办成一件事”的指 导意见》指出，各地要通过完善集约高效的线下政务服务体系，推进线下办事“只进一门”;加强省级政务服务平台网上统一受理端建设，推动办件信息实时共享，实现线上办事“一网通办”;加强12345热线与政务服务平台投诉建议体系、 “
ASM-2024届各区一模试题分类汇编必修3,Sb2adb9acbea5,2024模拟题/202404各区一模试题分类（按模块）/2024届各区一模试题分类汇编必修3.docx,13,218-238,1177,待复核,,,标注 （房山1模10） 无年份，候选 BJ-2025-FS-YIMO/BJ-2026-FS-YIMO 内最佳重叠 0.0102 未达门槛,0.5074,0.1944,0.313,"**13.（房山1模10）重庆市江津区某街道依托外卖员、快递员、网约车司机等新就业形态劳动者“走遍大街小巷、服务千家万户”的优势，组建了一支百余人的“津新小哥”队伍，让他们兼任社区“网格员”,即时反馈公共环境、秩序、服务等方面存在的问题。这一举措意在** **①充分调动社会力量参与社区治理，推动多元共治** **②创新"
ASM-2024届各区一模试题分类汇编必修4,S3423b62eb032,2024模拟题/202404各区一模试题分类（按模块）/2024届各区一模试题分类汇编必修4.docx,1,4-9,224,已定位实际出处（标注定区届+比对定题）,BJ-2024-XC-YIMO,BJ-2024-XC-YIMO-Q9,标注 （2024西城一模） 未给题号；在该卷内比对定题，重叠 0.9439,0.9439,0.0234,0.9206,1． （2024西城一模）青藏高原具有高寒、干旱等极端环境，但这里却有比我国其他地区更多的千年古树。有人推测，一个重要原因是青藏高原的树木经过逆境条件下的长期适应，采用慢速生长策略，减少资源消耗，生命维持了韧性。以下分析正确的是 A．基于实践的理性认识，都是对生命现象的真理性认识 B．树木并非被动响应环境变化，而是具备
ASM-2024届各区一模试题分类汇编必修4,S3423b62eb032,2024模拟题/202404各区一模试题分类（按模块）/2024届各区一模试题分类汇编必修4.docx,2,9-16,207,已定位实际出处（标注定区届+比对定题）,BJ-2024-XC-YIMO,BJ-2024-XC-YIMO-Q12,标注 （2024西城一模） 未给题号；在该卷内比对定题，重叠 0.9368,0.9368,0.0211,0.9158,2．（2024西城一模）黑格尔说，人们总以为肯定和否定具有绝对的区别，其 实两者是相同的。我们甚至可以称肯定为否定，也可以称否定为肯定。譬如 说一条往东的路同时也是一条往西的路。对此理解正确的是 A．肯定和否定没有界限，肯定即否定，否定即肯定 B．有些事物包含着肯定因素，另有一些事物则包含着否定因素 C．肯定与否定互为
ASM-2024届各区一模试题分类汇编必修4,S3423b62eb032,2024模拟题/202404各区一模试题分类（按模块）/2024届各区一模试题分类汇编必修4.docx,3,16-21,257,已定位实际出处（标注定区届+比对定题）,BJ-2024-HD-YIMO,BJ-2024-HD-YIMO-Q2,标注 （2024海淀一模） 未给题号；在该卷内比对定题，重叠 0.8306,0.8306,0.0403,0.7903,3.（2024海淀一模）怎样才能突破身体的限制，将意识与万物相连？脑机接口技术通过记录和解读大脑信号，建立大脑与外部设备的宜接通信，可以帮助人类实现“心想物来”。近日，我国在脑机接口领域取得新进展，成功帮助四肢截瘫患者实现意念控制电脑光标移动、控制气动手套完成自主喝水等活动。这说明 A.正确发挥主观能动性，从事物固有联
ASM-2024届各区一模试题分类汇编必修4,S3423b62eb032,2024模拟题/202404各区一模试题分类（按模块）/2024届各区一模试题分类汇编必修4.docx,4,21-27,339,已定位实际出处（汇编卷别标注＋原卷页图核定题号）,BJ-2024-FT-YIMO,BJ-2024-FT-YIMO-Q8,汇编标注卷别(2024丰台一模)；原卷PDF第3页明确题号8，福州20年战略设想正文、四题肢及选项完全对应。旧Q30由误读正文“30多年前”产生，并非源标注题号。,0.8727,0.0375,0.8352,"4. (2024丰台一模)30多年前，《福州市20年经济社会发展战略设想》系统谋划了福州3年 、8年 、20 年经济社会发展的目标 、步骤、布局 、重点等，明确了 “建设现代化国际城市 ”的宏伟目标，为福州擘画了美好蓝图 。从“后排就座”到奋勇争先，从""纸褚福州城"" 到宜居幸福城 …… 该战略工程的实施，让福州大地迎来"
ASM-2024届各区一模试题分类汇编必修4,S3423b62eb032,2024模拟题/202404各区一模试题分类（按模块）/2024届各区一模试题分类汇编必修4.docx,5,27-33,277,已定位实际出处（标注定区届+比对定题）,BJ-2024-SJS-YIMO,BJ-2024-SJS-YIMO-Q2,标注 （2024石景山一模） 未给题号；在该卷内比对定题，重叠 0.8907,0.8907,0.0364,0.8543,5.（2024石景山一模）我国自主研制的北斗卫星导航系统已在农业领域得到广泛应用：将卫星导航定位与电子控制等技术相结合，可以实现农机自动驾驶，精准收割；可以昼夜连续工作，加快作业速度；可以整理土地和变量施肥，改善农作物生长环境……和以往的农业生产方式相比，北斗系统在农业生产中的应用表明 ①农业生产实践具有历史性，其形式
ASM-2024届各区一模试题分类汇编必修4,S3423b62eb032,2024模拟题/202404各区一模试题分类（按模块）/2024届各区一模试题分类汇编必修4.docx,6,33-39,252,已定位实际出处（标注定区届+比对定题）,BJ-2024-SJS-YIMO,BJ-2024-SJS-YIMO-Q5,标注 （2024石景山一模） 未给题号；在该卷内比对定题，重叠 0.8761,0.8761,0.0505,0.8257,6.（2024石景山一模）面对2023年极端天气频发，农业农村部印发《关于紧急行动起来切实做好当前农机防灾救灾工作的通知》，要求各地农业农村部门充分预估各类灾害将给农业生产带来的威胁，细化具有针对性、可操作性的农机防灾减灾预案措施。这体现出 ①意识活动的自觉选择性受自然灾害等客观条件制约 ②人能够把握深藏于自然天气现象
ASM-2024届各区一模试题分类汇编必修4,S3423b62eb032,2024模拟题/202404各区一模试题分类（按模块）/2024届各区一模试题分类汇编必修4.docx,7,39-44,279,已定位实际出处（标注定区届+比对定题）,BJ-2024-CY-YIMO,BJ-2024-CY-YIMO-Q4,标注 （2024朝阳一模） 未给题号；在该卷内比对定题，重叠 0.9554,0.9554,0.0112,0.9442,"7.（2024朝阳一模）改良利用好适宜种植粮食的5亿亩盐碱地，对维护国家粮食安全、端牢中国饭碗具有重要战略保障意义。为克服“洗土法”需要消耗大量水资源的弊端，某科研团队在盐碱地上种植盐角草等优质“吃盐”植物，3年累计降低盐碱地85％到90％的盐分,而消耗的水资源只有“洗土法”的15%。选育“吃盐”植物驱盐化碱 A.体现"
ASM-2024届各区一模试题分类汇编必修4,S3423b62eb032,2024模拟题/202404各区一模试题分类（按模块）/2024届各区一模试题分类汇编必修4.docx,8,44-54,700,已定位实际出处（汇编内标注）,BJ-2024-CY-YIMO,BJ-2024-CY-YIMO-Q1,汇编正文标注 （2024朝阳一模）（1,0.483,0.0418,0.4412,8.（2024朝阳一模）（16分）科技创新、科学普及是实现创新发展的两翼。 材料二科技创新是经济社会发展的重要动力。科学普及是国家和社会普及科学技术知识、弘扬科学精神、传播科学思想、倡导科学方法的活动。目前，我国国家科普能力建设势头良好，科普生态持续优化。 但与人们对科普产品和服务的需求相比，我国国家科普能力建设仍有提
ASM-2024届各区一模试题分类汇编必修4,S3423b62eb032,2024模拟题/202404各区一模试题分类（按模块）/2024届各区一模试题分类汇编必修4.docx,9,54-75,1159,待复核,,,标注 （2024西城一模） 未给题号，候选内最佳 0.3158 未达门槛,0.3483,0.3158,0.0325,9．（2024西城一模）（9分） 在中国，有这样一个城市公园，没有精心筛选的观赏植物，没有大片修剪整齐的绿地，也没有平整规矩的健身步道。园林设计师们从城市各个角落搜集了不同的土壤将公园填满，然后将种植权完全交给自然，让风来种，让鸟来种，让昆虫来种，让土壤里的种子自己萌发。各种植物野蛮生长，那些常被园丁斩草除根的野草、野
ASM-2024届各区一模试题分类汇编必修4,S3423b62eb032,2024模拟题/202404各区一模试题分类（按模块）/2024届各区一模试题分类汇编必修4.docx,11,76-270,8083,待复核,,,标注 (2024东城一模) 未给题号，候选内最佳 0.0035 未达门槛,0.0497,0.0497,0.0,"11.(2024东城一模)(7分) 中华民族是世界上伟大的民族,有着5000多年源远流长的文明历史，为人类文明进步作出了不可磨灭的贡献。 牛皮封面、飘口烫金、书口刷红 作为法国国礼的《论语导读》如今典藏于中国国家图书馆。《论语》的早期翻译和导读曾对孟德斯鸠和伏尔泰的哲学思想给予启发。17至18世纪，中国的思想、文化和技"
ASM-2024届各区一模试题分类汇编选必1,S0f4414a153ba,2024模拟题/202404各区一模试题分类（按模块）/2024届各区一模试题分类汇编选必1.docx,1,2-17,570,待复核,,,标注 （海淀一模14） 无年份，候选 BJ-2023-HD-YIMO/BJ-2024-HD-YIMO/BJ-2025-HD-YIMO/BJ-2026-HD-YIMO 内最佳重叠 0.3987 未达门槛,0.4581,0.3987,0.0595,1.（海淀一模14）美国总统大选，无论是民主党还是共和党都将选举和选民议题作为政策出发点，去迎合选民，追求当下利益的最大化，加剧了两党之间的激烈对抗，导致社会撕裂程度日益加深。这说明 ①政党作为选民利益的代表，力求以民主方式保障选民利益 ②两党之间根本利益的分歧，破坏了社会的凝聚力和稳定性 ③在美国政党制度下，政党争取
ASM-2024届各区一模试题分类汇编选必1,S0f4414a153ba,2024模拟题/202404各区一模试题分类（按模块）/2024届各区一模试题分类汇编选必1.docx,2,17-24,298,待复核,,,标注 (门头沟一模8) 无年份，候选 BJ-2025-MTG-YIMO/BJ-2026-MTG-YIMO 内最佳重叠 0.0417 未达门槛,0.0985,0.0682,0.0303,2.(门头沟一模8)《中华人民共和国保守国家秘密法》已由第十四届全国人大常委会第八次会议修订通过，此次保密法修订将党的保密工作成熟有效的措施和经验上升为法律制度，进一步明确加强党对保密工作的领导，新增支持保密科技创新的条款，为切实筑牢国家秘密安全防线提供了法治保障。对此理解正确的是 ①保密行政管理部门依法履行管理职责是
ASM-2024届各区一模试题分类汇编选必1,S0f4414a153ba,2024模拟题/202404各区一模试题分类（按模块）/2024届各区一模试题分类汇编选必1.docx,3,24-31,252,待复核,,,标注 (门头沟一模11) 无年份，候选 BJ-2025-MTG-YIMO/BJ-2026-MTG-YIMO 内最佳重叠 0.1000 未达门槛,0.1,0.0571,0.0429,3.(门头沟一模11).中央外事工作会议2023年12月27日至28日在北京举行。这次会议提出了“三个不会改变”，即人类发展进步的大方向不会改变，世界历史曲折前进的大逻辑不会改变，国际社会命运与共的大趋势不会改变。由此可见 ①中国是维护世界和平、促进共同发展的重要力量 ②各国应构建以合作共赢为核心的新型国际关系 ③人类
ASM-2024届各区一模试题分类汇编选必1,S0f4414a153ba,2024模拟题/202404各区一模试题分类（按模块）/2024届各区一模试题分类汇编选必1.docx,4,31-38,249,待复核,,,标注 (东城一模1) 无年份，候选 BJ-2023-DC-YIMO/BJ-2024-DC-YIMO/BJ-2025-DC-YIMO/BJ-2026-DC-YIMO 内最佳重叠 0.0609 未达门槛,0.0812,0.0812,0.0,"4.(东城一模1)从神舟家族“太空接力”到“奋斗者”号极限深潜，从荒漠化治理到低碳生活，从杭州 亚运会到“贵州村BA”, 从中国“神草”到雅万高铁……中国故事精彩纷呈。中国故事 ①传承了中华传统美德，是中华民族的根与魂 ②意味着中国梦与世界人民的梦相通，中国和世界相互成就 ③表明中国携手各国应对全球性威胁，维护各国核心"
ASM-2024届各区一模试题分类汇编选必1,S0f4414a153ba,2024模拟题/202404各区一模试题分类（按模块）/2024届各区一模试题分类汇编选必1.docx,5,38-45,271,待复核,,,标注 (东城一模14) 无年份，候选 BJ-2023-DC-YIMO/BJ-2024-DC-YIMO/BJ-2025-DC-YIMO/BJ-2026-DC-YIMO 内最佳重叠 0.0478 未达门槛,0.0609,0.0522,0.0087,5.(东城一模14)中国政府作为《生物多样性公约》第十五次缔约方大会(COP15) 主席国，持续推动 “昆明-蒙特利尔全球生物多样性框架”落实，部署了生物多样性主流化、应对生物 多样性丧失威胁等4个优先领域，每个优先领域下设6至8个优先行动。对此，下列观点正确的是 ①中国推动构建地球生命共同体，促进多极化发展 ②全球生
ASM-2024届各区一模试题分类汇编选必1,S0f4414a153ba,2024模拟题/202404各区一模试题分类（按模块）/2024届各区一模试题分类汇编选必1.docx,6,45-62,340,已定位实际出处（标注定区届+比对定年份）,BJ-2024-XC-YIMO,BJ-2024-XC-YIMO-Q1,标注 （西城一模1）（无年份）；在 BJ-2023-XC-YIMO/BJ-2024-XC-YIMO/BJ-2025-XC-YIMO/BJ-2026-XC-YIMO 内比对定年，重叠 0.9709,0.9709,0.0388,0.932,6.（西城一模1） 中国经济何以“磁力”不减？陕西杨凌的小麦种子怎样翻山越岭，在哈萨克斯坦落地生根？巴西铁矿石如何在中国炼出“绿色”钢铁？“中国建造”为什么能又快又好？在多语种系列短视频《在中国寻找答案》（第三季）中，来自9个国家的主持人与融入中国工作生活的国际“打工人”一起踏上“在中国寻找答案”的旅程。假如主持人带着
ASM-2024届各区一模试题分类汇编选必1,S0f4414a153ba,2024模拟题/202404各区一模试题分类（按模块）/2024届各区一模试题分类汇编选必1.docx,7,62-69,321,待复核,,,标注 （房山一模15） 无年份，候选 BJ-2025-FS-YIMO/BJ-2026-FS-YIMO 内最佳重叠 0.0327 未达门槛,0.0364,0.0327,0.0036,7.（房山一模15）当今世界国际秩序加速演变，南方国家群体崛起成为“全球南方”。作为“全球南方”代表的金砖国家，扩容后国内生产总值2023年全球占比高达37%。南方国家通过积极的外交行动与多边合作，在联合国和其他国际组织中不断扩大自身影响力，推动国际社会更好地应对气候变化、恐怖主义等全球性挑战。“全球南方”的崛起 ①凝
ASM-2024届各区一模试题分类汇编选必1,S0f4414a153ba,2024模拟题/202404各区一模试题分类（按模块）/2024届各区一模试题分类汇编选必1.docx,8,69-81,380,已定位实际出处（文本比对）,BJ-2024-HD-YIMO,BJ-2024-HD-YIMO-Q14,6-gram 重叠 0.7356，领先次佳 0.6954,0.7356,0.0402,0.6954,"8. <!-- 表格 1（1 行） --> |  发布中巴建交 50 周年纪念标识。数字“5”和“0”相融相交，构<br>成无穷符号(∞),象征两国虽相隔万里却紧密相连、前景广阔。<br> 开展第四次外长级全面战略对话。双方就务实合作、国际形势、<br>多边协作、热点问题等议题进行深入沟通，达成广泛共识。<br>"
ASM-2024届各区一模试题分类汇编选必1,S0f4414a153ba,2024模拟题/202404各区一模试题分类（按模块）/2024届各区一模试题分类汇编选必1.docx,9,81-92,592,待复核,,,标注 （朝阳一模15） 无年份，候选 BJ-2023-CY-YIMO/BJ-2024-CY-YIMO/BJ-2025-CY-YIMO/BJ-2026-CY-YIMO 内最佳重叠 0.3855 未达门槛,0.4714,0.3855,0.0859,9.（朝阳一模15）.在金砖国家、APEC、上合组织、G20等多边外交舞台上，中国致力于解决短期的热点问题和完善长期的全球治理，为促进世界和平与合作贡献了负责任的大国力量。新时代中国特色大国外交要更有作为，必须做到 ①坚持原则，牢牢占据国际道义制高点，获得全球各国支持 ②坚持外交大权在党中央，增强定力、把握大势、掌握主
ASM-2024届各区一模试题分类汇编选必2,Sc22ac0d594c5,2024模拟题/202404各区一模试题分类（按模块）/2024届各区一模试题分类汇编选必2.docx,1,2-9,263,已定位实际出处（汇编内标注）,BJ-2024-XC-YIMO,BJ-2024-XC-YIMO-Q6,汇编正文标注 （2024西城一模6）,0.8828,0.0669,0.8159,1.（2024西城一模6）王某向赵某借了50万元，并将自己唯一的机动车交予赵某作为质押。王某又向钱某借了20万元，承诺半年后还款。结果，半年后王某并没有还款。钱某不满，在得知王某名下有机动车后，将王某诉至人民法院，要求将王某名下的机动车折价赔偿给他。以下认识正确的是 ①本案涉及债权关系，客体是王某名下的机动车 ②本案涉
ASM-2024届各区一模试题分类汇编选必2,Sc22ac0d594c5,2024模拟题/202404各区一模试题分类（按模块）/2024届各区一模试题分类汇编选必2.docx,2,9-15,193,已定位实际出处（汇编内标注）,BJ-2024-SJS-YIMO,BJ-2024-SJS-YIMO-Q10,汇编正文标注 （2024石景山一模10）13,0.7771,0.04,0.7371,2.（2024石景山一模10）13岁的小浩被网上的一款部落游戏吸引，并偷偷用母亲的支付宝向该款游戏充值虚拟游戏币“宝石”，金额高达4万余元。依据上述事实和相关法律，可以推断出 A.小浩是限制民事行为能力人，其交易行为可能无效 B.小浩实施的行为并非真实意思表示，其交易行为无效 C.小浩的行为与其年龄、智力不相适应，其交
ASM-2024届各区一模试题分类汇编选必2,Sc22ac0d594c5,2024模拟题/202404各区一模试题分类（按模块）/2024届各区一模试题分类汇编选必2.docx,3,15-21,284,已解析出处但本库无此卷（原料缺口）,BJ-2024-MTG-YIMO,,汇编标注 （2024门头沟一模12）；该卷不在本库（已核实工作区与全部已授权原料根均无此卷）,0.0403,0.022,0.0183,3.（2024门头沟一模12）李某使用AI（人工智能）通过输入提示词生成图片，并利用AI反复修改、调整后发布于社交媒体。刘某在其内容创作平台上发布的文章配图中使用了该图片。后李某以刘某侵犯其著作权为由提起诉讼。关于AI生成图片的著作权问题，下列说法正确的是 A.AI生成图片是人工智能能动地改造世界的成果，李某享有图片的
ASM-2024届各区一模试题分类汇编选必2,Sc22ac0d594c5,2024模拟题/202404各区一模试题分类（按模块）/2024届各区一模试题分类汇编选必2.docx,4,21-29,157,已定位实际出处（汇编内标注）,BJ-2024-DC-YIMO,BJ-2024-DC-YIMO-Q9,汇编正文标注 （2024东城一模9 ）,0.0426,0.0426,0.0,4.（2024东城一模9 ）张某因房屋产权纠纷，向人民法院提起物权确认之诉，人民法院依法判决涉案房屋归张某所有 。下列说法正确的是 A.张某应尽快办理房产登记 ，以免影响物权变动 B.该案所涉的他物权对应着物的使用价值 C.涉案房产与占地 ，二者法律关系的内容 一致 D.张某对于房屋的物权自 一 审判决宣告时生效
ASM-2024届各区一模试题分类汇编选必2,Sc22ac0d594c5,2024模拟题/202404各区一模试题分类（按模块）/2024届各区一模试题分类汇编选必2.docx,5,29-36,296,已解析出处但本库无此卷（原料缺口）,BJ-2024-FS-YIMO,,汇编标注 （2024房山一模12）；该卷不在本库（已核实工作区与全部已授权原料根均无此卷）,0.0618,0.0502,0.0116,5.（2024房山一模12）小马和小刘是同班同学，即将年满十八周岁。课间休息时，他俩玩掰手腕游戏，结果造成小马右肱骨粉碎性骨折，受伤后被送往医院住院治疗。双方家长因经济损失赔偿事宜发生纠纷，小马向法院提起诉讼，要求小刘及其法定代理人赔偿其医疗费、护理费等经济损失共计3万元。根据民法典相关条文，下列对本案认识正确的是 ①
ASM-2024届各区一模试题分类汇编选必2,Sc22ac0d594c5,2024模拟题/202404各区一模试题分类（按模块）/2024届各区一模试题分类汇编选必2.docx,6,36-52,904,已解析出处但本库无此卷（原料缺口）,BJ-2024-FS-YIMO,,汇编标注 （2024房山一模13）；该卷不在本库（已核实工作区与全部已授权原料根均无此卷）,0.0354,0.0246,0.0108,6.（2024房山一模13）原告A公司在某地购买了一批原装光伏系统，后与被告毛某通过网络平台签订货物运输协议，约定由毛某从购买地将所购货物运送至A公司所在地。毛某驾驶途中发现车厢内货物着火，并停车灭火。经确认，部分光伏组件受损，涉及货物损失及维修费数万元。双方就赔偿问题协商未果，原告将毛某及该车辆挂靠的运输公司一并诉至
ASM-2024届各区一模试题分类汇编选必2,Sc22ac0d594c5,2024模拟题/202404各区一模试题分类（按模块）/2024届各区一模试题分类汇编选必2.docx,8,52-59,268,已定位实际出处（汇编内标注）,BJ-2024-CY-YIMO,BJ-2024-CY-YIMO-Q11,汇编正文标注 （2024朝阳一模11）,0.8688,0.0498,0.819,"8.（2024朝阳一模11）所有权是权利人对自己的不动产或者动产,依法享有的占有、使用、收益和处分的权利。下列案例中，涉及所有权归属争议的是 ①陈某以极低价格购得一台全新笔记本电脑，不久该电脑被警察作为赃物扣押 ②甲公司在围墙上安装了三盏照明设备,对15米外王某的住宅构成光污染侵害 ③李某承包了本村两亩土地,其去世后,"
ASM-2024届各区一模试题分类汇编选必2,Sc22ac0d594c5,2024模拟题/202404各区一模试题分类（按模块）/2024届各区一模试题分类汇编选必2.docx,9,59-65,172,已定位实际出处（汇编内标注）,BJ-2024-CY-YIMO,BJ-2024-CY-YIMO-Q12,汇编正文标注 （2024朝阳一模12）,0.9141,0.0123,0.9018,"9.（2024朝阳一模12）一名12周岁的学生,在老师的指导下设计了一款垃圾收纳装置，获得了国家知识产权局授权的“实用新型专利证书”。这一专利 A.只要保密得当，就可以一直受到专利法的保护 B.与实用技术无关，仅涉及产品设计的美观效果 C.保护期满后，则进入公共领域，任何人都可以免费使用 D.只要经该学生授权，厂家就可"
ASM-2024届各区一模试题分类汇编选必2,Sc22ac0d594c5,2024模拟题/202404各区一模试题分类（按模块）/2024届各区一模试题分类汇编选必2.docx,10,65-76,695,已定位实际出处（汇编内标注）,BJ-2024-SJS-YIMO,BJ-2024-SJS-YIMO-Q17,汇编正文标注 （2024石景山一模17）,0.6945,0.2736,0.421,10.（2024石景山一模17）（8分） 2023年12月28日，北京市第三中级人民法院终审公开宣判北京甲环保公司与四川乙发电公司合同纠纷一案，该案系北京市首例碳排放权交易纠纷案件。 【基本案情】 2021年12月，乙公司就采购碳排放配额发布比选公告，甲公司向其进行报价，内容具体明确，并承诺：如未依约履行，乙公司可另行
ASM-2024届各区一模试题分类汇编选必2,Sc22ac0d594c5,2024模拟题/202404各区一模试题分类（按模块）/2024届各区一模试题分类汇编选必2.docx,11,76-82,609,已定位实际出处（汇编内标注）,BJ-2024-HD-YIMO,BJ-2024-HD-YIMO-Q19,汇编正文标注 (2024海淀一模19）（8 ,0.6558,0.2572,0.3986,11.(2024海淀一模19）（8 分）首例涉“虚拟数字人”侵权案宣判。 甲公司系一家以计算机图形学和 AI 技术为核心的科技公司，Ada 系甲公司在发展其产品业务过程中打造的超写实虚拟数字人。甲公司自称于 2018 年 12 月创作完成了虚拟数字人 Ada 的正面形象，为进一步宣传和推广旗下虚拟数字人，又制作完成了虚
ASM-2024届各区一模试题分类汇编选必2,Sc22ac0d594c5,2024模拟题/202404各区一模试题分类（按模块）/2024届各区一模试题分类汇编选必2.docx,12,82-89,559,已定位实际出处（汇编内标注）,BJ-2024-FT-YIMO,BJ-2024-FT-YIMO-Q17,汇编正文标注 （2024丰台一模17）,0.4881,0.0439,0.4442,12.（2024丰台一模17） 甲某搭乙某的车出行，上车后未听乙某提醒系好安全带。乙某在驾驶过程中因雨天路滑，撞到灯杆，造成甲某受伤住院。为此，乙某主动垫付了部分医疗费用。甲某认为，本次交通事故对自己造成严重人身财产损害，乙某应承担全部责任，向其赔付医疗费、误工费和护理费等损失。乙某认为自己好意让甲某免费搭乘，由于客观
ASM-2024届各区一模试题分类汇编选必2,Sc22ac0d594c5,2024模拟题/202404各区一模试题分类（按模块）/2024届各区一模试题分类汇编选必2.docx,13,89-97,485,已解析出处但本库无此卷（原料缺口）,BJ-2024-FS-YIMO,,"汇编标注 （2024房山一模17）
（1；该卷不在本库（已核实工作区与全部已授权原料根均无此卷）",0.0338,0.0338,0.0,13.（2024房山一模17） （11分)同学们在学习2024年最高人民法院工作报告时，关注了“蜜胺”发明专利及技术秘密侵权案，为了了解该案件，同学们查阅了如下资料。 “蜜胺”是一种重要的有机化工原料，A公司(中外合资企业)、B公司(高新技术民营企业)投入近亿元、历时多年研发出先进的“蜜胺”生产技术，一部分通过申请发明
ASM-2024届各区一模试题分类汇编选必2,Sc22ac0d594c5,2024模拟题/202404各区一模试题分类（按模块）/2024届各区一模试题分类汇编选必2.docx,14,107-114,424,已定位实际出处（汇编内标注）,BJ-2024-CY-YIMO,BJ-2024-CY-YIMO-Q19,汇编正文标注 (2024朝阳一模19）,0.0341,0.0244,0.0098,14.(2024朝阳一模19）（7分） 诚信是法治精神的重要伦理基础。民法典第七条规定：“民事主体从事民事活动，应当遵循诚信原则，秉持诚实，恪守承诺”。 镜头一 2022年12月，A公司与B公司签订购销合同约定：A公司向B公司提供产品，货款于发货后的60日内付清。2023年1月，A公司依约向B公司提供货物，但截至202
ASM-2024届各区一模试题分类汇编选必3,S4b25cddd4dc2,2024模拟题/202404各区一模试题分类（按模块）/2024届各区一模试题分类汇编选必3.doc,1,2-8,184,已定位实际出处（文本比对）,BJ-2024-CY-YIMO,BJ-2024-CY-YIMO-Q6,6-gram 重叠 0.7744，领先次佳 0.6646,0.7744,0.1098,0.6646,1.（朝阳一模，6）要想准确鲜明地表达思想，思维必须合乎逻辑。下列表达中符合逻辑规则的是（ ） A.财产权可分为物权、债权、知识产权、著作权、商标权 B.我不赞成所有人都有崇高的理想，也不赞成所有人都没有崇高的理想 C.所有的科技人员都是懂计算机的，并且有些不懂计算机的是科技人员 D.我无法一天读完老舍的作品，《茶馆》
ASM-2024届各区一模试题分类汇编选必3,S4b25cddd4dc2,2024模拟题/202404各区一模试题分类（按模块）/2024届各区一模试题分类汇编选必3.doc,2,8-18,260,待复核,,,无出处标注；最佳 BJ-2024-CY-QIZHONG-Q20 重叠 0.0788，领先次佳 0.0000，未达门槛,0.0788,0.0788,0.0,2.（东城一模，6）科学思维要符合认识规律、遵循逻辑规则。下列分析正确的是（ ） <!-- 表格 1（4 行） --> | A | 时尚就是流行的生活方式。 | 犯了“同语反复”的逻辑错误。 | | --- | --- | --- | | B | 北京分为东城、西城、海淀等区。 | 犯了“划分不全”的逻辑错误。 | |
ASM-2024届各区一模试题分类汇编选必3,S4b25cddd4dc2,2024模拟题/202404各区一模试题分类（按模块）/2024届各区一模试题分类汇编选必3.doc,3,18-26,272,待复核,,,无出处标注；最佳 BJ-2023-CY-YIMO-Q4 重叠 0.0495，领先次佳 0.0000，未达门槛,0.0495,0.0495,0.0,3.（门头沟一模，14）第19届亚运会的吉祥物融合了杭州的历史人文、自然生态和 创新基因。其中“宸宸”（右图）以机器人的造型代表世界遗产京杭大运河，头顶钱江潮，额头嵌以拱宸桥的图案。有着400多年历史的拱宸桥展现了海纳百川的时代精神，架起了亚洲和世界人民的心灵之桥。该吉祥物的形象设计（ ） ①把概念作为思维的基本单元 
ASM-2024届各区一模试题分类汇编选必3,S4b25cddd4dc2,2024模拟题/202404各区一模试题分类（按模块）/2024届各区一模试题分类汇编选必3.doc,4,26-40,338,待复核,,,无出处标注；最佳 BJ-2024-FT-YIMO-Q19 重叠 0.5000，领先次佳 0.2406，未达门槛,0.5,0.2594,0.2406,4.（丰台一模，19）北京市某校学生在参加模拟政协活动时，围绕垃圾分类问题进行如下探讨。 (1)根据上下文，将划线①处补充完整，使其成为一个符合逻辑规则的真判断。(2分) **如果能够在商品外包装上印上垃圾分类标识。** (2)在划线②处补全两种具体研究方法，并运用科学思维知识分别说明理由。（6分） 可以从头脑风暴法、
ASM-2024届各区一模试题分类汇编选必3,S4b25cddd4dc2,2024模拟题/202404各区一模试题分类（按模块）/2024届各区一模试题分类汇编选必3.doc,5,40-96,1714,待复核,,,无出处标注；最佳 BJ-2024-SJS-YIMO-Q7 重叠 0.0945，领先次佳 0.0211，未达门槛,0.0945,0.0734,0.0211,5.（门头沟一模，20） 北京中学生的模拟提案《关于在商品包装上印制垃圾分类标识》被全国政协委员带上了2024年的全国两会。 这份提案的“初稿”源于同学们参加摸拟政协社团活动。在活动中发现大部分公众对如何正确垃圾分类处于一知半解的状态。部分人不愿配合垃圾分类的原因之一是觉得记住垃圾的类别太麻烦。面对这样的问题，同学们经
ASM-2024届各区一模试题分类汇编选必3,S4b25cddd4dc2,2024模拟题/202404各区一模试题分类（按模块）/2024届各区一模试题分类汇编选必3.doc,6,96-103,256,已定位实际出处（文本比对）,BJ-2024-HD-YIMO,BJ-2024-HD-YIMO-Q6,6-gram 重叠 0.8603，领先次佳 0.8122,0.8603,0.048,0.8122,6.（海淀一模，6）围棋是体育、文娱和逻辑思维三位一体的活动，正确运用推理方法是提高棋艺的重要手段。从开盘布局、中盘拼杀，到收官阶段中的每一手棋的推敲、计算，通常都表现为各种形式的判断推理。围棋实战中（ ） ①一步棋有多种走法，运用选言推理可以从中选择最优的解决方案 ②断定不同走法与结果之间的必然联系，应运用必要条件假
ASM-2024届各区一模试题分类汇编选必3,S4b25cddd4dc2,2024模拟题/202404各区一模试题分类（按模块）/2024届各区一模试题分类汇编选必3.doc,7,103-124,774,已定位实际出处（文本比对）,BJ-2024-XC-YIMO,BJ-2024-XC-YIMO-Q11,6-gram 重叠 0.9152，领先次佳 0.8616,0.9152,0.0536,0.8616,7.（西城一模，11）“问天”“梦天”“天和”不仅是中国空间站的三个舱段，也是中国 航天人走过的路，它们连缀起中华民族求索太空的浩瀚征程。据此，以下推理正确的 是（ ） “问天”是中国空间站的舱段，“梦天”是中国空间站的舱段，“天和”是中国空间站的舱段，所以，“问天”“梦天”“天和”都是中国空间站的舱段。“问天”是中国
ASM-2024届各区一模试题分类汇编选必3,S4b25cddd4dc2,2024模拟题/202404各区一模试题分类（按模块）/2024届各区一模试题分类汇编选必3.doc,8,124-130,171,已定位实际出处（文本比对）,BJ-2024-HD-YIMO,BJ-2024-HD-YIMO-Q7,6-gram 重叠 0.7658，领先次佳 0.7595,0.7658,0.0063,0.7595,8.（海淀一模，7）“不是洋货买不起，而是国货更有性价比。”近来，“不是XX买不起，而是XX更有性价比”这一句式走红。下列判断中，与上述句式判断类型一致的是（ ） A.一个数是偶数，当且仅当，这个数能被2整除 B.极力之所举，则无不胜也 C.这个推理的前提真实，并且推理形式有效 D.代书遗嘱无效，除非有两个以上无利害关
ASM-2024届各区一模试题分类汇编选必3,S4b25cddd4dc2,2024模拟题/202404各区一模试题分类（按模块）/2024届各区一模试题分类汇编选必3.doc,9,130-145,545,待复核,,,无出处标注；最佳 BJ-2024-CY-YIMO-Q20 重叠 0.3000，领先次佳 0.2805，未达门槛,0.3,0.0195,0.2805,9.（朝阳一模，20）学会正确地运用推理，对于科学研究具有重要意义。 材料一 有科学家对我国古代气候及其变化进行了一系列考古研究和调查论证，其中之一是关于A区域古代气候较为温暖的论证。科学家的论证过程包含了两个推理。 推理一：如果A区域古代没有广泛生长竹子，就不可能有大量的炭化竹节，考古发掘中已发掘出地底下有大量炭化竹
ASM-2024届各区一模试题分类汇编选必3,S4b25cddd4dc2,2024模拟题/202404各区一模试题分类（按模块）/2024届各区一模试题分类汇编选必3.doc,10,145-210,1313,已定位实际出处（文本比对）,BJ-2024-XC-YIMO,BJ-2024-XC-YIMO-Q19,6-gram 重叠 0.7751，领先次佳 0.5678,0.7751,0.2073,0.5678,"10.（西城一模，19）我国新型举国体制不断完善，为国民经济和社会发展主要领域提供支撑、保障和引领。 <!-- 表格 3（6 行，含合并） --> <table> <tr> <td colspan=""5"">新型举国体制的适用范围</td> </tr> <tr> <td>方向</td> <td>面向世界科技前沿</td>"
ASM-2024届各区一模试题分类汇编选必3,S4b25cddd4dc2,2024模拟题/202404各区一模试题分类（按模块）/2024届各区一模试题分类汇编选必3.doc,11,210-305,4405,待复核,,,无出处标注；最佳 BJ-2024-SJS-YIMO-Q19 重叠 0.1088，领先次佳 0.0276，未达门槛,0.1088,0.0813,0.0276,11.（海淀一模，18）便利中外人员往来，服务高水平对外开放。 【便利支付】 外国朋友来华进行旅游、拜访、商务等活动，遇到移动支付困难的问题。经过认真调查分析，问题主要为：“不能用”，有的外国朋友绑不了境外的银行卡；“不好用”，有的外国朋友消费超出一定金额，付不成账，觉得不好用。遇到问题多了，支付不便利了，自然就“不想
ASM-北京2024各区《经济与社会》考题-wlfwlf,Sbe4202246df3,2024模拟题/北京2024各区《经济与社会》考题-wlfwlf.docx,19,2-23,1041,待复核,,,无出处标注；最佳 BJ-2022-BJ-GAOKAO-Q19 重叠 0.3891，领先次佳 0.1632，未达门槛,0.3891,0.2259,0.1632,19．（15分）党的二十大报告指出，要增强国内大循环内生动力和可靠性，提升国际循环质量和水平。 【读数看优势】经过改革开放40多年的发展，我国已拥有14亿多人口，4亿多中等收入群体，全国居民年人均可支配收入近3.7万元。我国有近9亿劳动力，接受高等教育的人口已超过2.4亿，每年新增劳动力超过1500万，新增劳动力平均受
ASM-北京2024各区《经济与社会》考题-wlfwlf,Sbe4202246df3,2024模拟题/北京2024各区《经济与社会》考题-wlfwlf.docx,20,79-252,6752,待复核,,,无出处标注；最佳 BJ-2021-BJ-GAOKAO-Q20 重叠 0.0612，领先次佳 0.0364，未达门槛,0.0612,0.0248,0.0364,20.（9分） 人力资本是劳动者积累的知识、技能和健康水平的总和，是一国消除贫困和实现经济可持续增长的重要驱动力。 材料一 教育是积累人力资本的主要途径之一。右图给出了2015年中国1%人口抽样调查中的高等教育覆盖率数据。左纵轴表示各年龄段人口中拥有大专及以上学历者的占比，右纵轴表示城镇和农村地区这一占比的比值。 （1
ASM-北京及2024各区《经济与社会》考题-wlf,S9a3f865ff2f0,2024模拟题/北京及2024各区《经济与社会》考题-wlf.pdf,19,6-9,195,待复核,,,无出处标注；最佳 BJ-2023-BJ-GAOKAO-Q19 重叠 0.5556，领先次佳 0.5263，未达门槛,0.5556,0.0292,0.5263,19． 【读数看优势】经过改⾰开放 40 多年的发展，我国已拥有 14 亿多⼈⼝，4 亿多中等收⼊群体，全国居⺠年⼈均可⽀配收⼊近 3.7 万元。我国有近 9 亿劳动⼒，接受⾼等教育的⼈⼝已超过 2.4 亿，每年新增劳动⼒超过 1500 万，新增劳动⼒平均受教育年限达到 14 年。 （1）根据材料，运⽤《经济与社会》知
ASM-北京及2024各区《经济与社会》考题-wlf,S9a3f865ff2f0,2024模拟题/北京及2024各区《经济与社会》考题-wlf.pdf,20,82-97,428,待复核,,,无出处标注；最佳 BJ-2021-BJ-GAOKAO-Q20 重叠 0.3980，领先次佳 0.3753，未达门槛,0.398,0.0227,0.3753,20.（9 分） ⼈⼒资本是劳动者积累的知识、技能和健康⽔平的总和，是⼀国消除贫困和实现经济可持续增⻓的重要驱动⼒。 材料⼀ 教育是积累⼈⼒资本的主要途径之⼀。 右图给出了 2015 年中国 1%⼈⼝抽样调查中的⾼等教育覆盖率数据。左纵轴表示各年龄段⼈⼝中拥有⼤专及以上学历者的占⽐，右纵轴表示城镇和农村地区这⼀占⽐的⽐
