assembly_id,source_id,rel_path,blocks,located,unresolved,by_annotation,by_ngram,missing_exams,status
ASM-2024届各区一模试题分类汇编必修1,S14501f7fbb96,2024模拟题/202404各区一模试题分类（按模块）/2024届各区一模试题分类汇编必修1.docx,8,7,1,6,1,BJ-2024-MTG-YIMO,部分定位
ASM-2024届各区一模试题分类汇编必修2 ,S3965bc306d35,2024模拟题/202404各区一模试题分类（按模块）/2024届各区一模试题分类汇编必修2 .docx,11,7,4,6,1,BJ-2024-FS-YIMO/BJ-2024-MTG-YIMO,部分定位
ASM-2024届各区一模试题分类汇编必修3,Sb2adb9acbea5,2024模拟题/202404各区一模试题分类（按模块）/2024届各区一模试题分类汇编必修3.docx,13,6,7,6,0,,部分定位
ASM-2024届各区一模试题分类汇编必修4,S3423b62eb032,2024模拟题/202404各区一模试题分类（按模块）/2024届各区一模试题分类汇编必修4.docx,10,8,2,8,0,,部分定位
ASM-2024届各区一模试题分类汇编选必1,S0f4414a153ba,2024模拟题/202404各区一模试题分类（按模块）/2024届各区一模试题分类汇编选必1.docx,9,2,7,1,1,,部分定位
ASM-2024届各区一模试题分类汇编选必2,Sc22ac0d594c5,2024模拟题/202404各区一模试题分类（按模块）/2024届各区一模试题分类汇编选必2.docx,13,9,4,9,0,BJ-2024-FS-YIMO/BJ-2024-MTG-YIMO,部分定位
ASM-2024届各区一模试题分类汇编选必3,S4b25cddd4dc2,2024模拟题/202404各区一模试题分类（按模块）/2024届各区一模试题分类汇编选必3.doc,11,5,6,0,5,,部分定位
ASM-北京2024各区《经济与社会》考题-wlfwlf,Sbe4202246df3,2024模拟题/北京2024各区《经济与社会》考题-wlfwlf.docx,2,0,2,0,0,,部分定位
ASM-北京及2024各区《经济与社会》考题-wlf,S9a3f865ff2f0,2024模拟题/北京及2024各区《经济与社会》考题-wlf.pdf,2,0,2,0,0,,部分定位
