source_id,exam_id,rel_path,format,size,pages,role,role_evidence,is_assembly,year,school_year,region,institution,grade,stage,paper_type,version,exam_id_evidence,in_scope
S55473ddd97c8,BJ-2023-DC-YIMO,2023模拟题/2023各区模拟题(1)/各区一模/东城/2023.3高三政治一模统阅-题组长（细则讨论）.pptx,pptx,3594272,13,评分材料,路径/文件名含 细则/评标,N,2023,2022-2023学年,东城,unknown,高三,一模,模拟考试,,顶层目录 2023模拟题; 最深含阶段段 `2023.3高三政治一模统阅-题组长（细则讨论）.pptx` -> 一模; 路径含地区 东城,Y
Sc90c72fbae63,BJ-2023-DC-YIMO,2023模拟题/2023各区模拟题(1)/各区一模/东城/北京市东城区2022-2023学年度第二学期高三综合练习（一）思想政治答案.pdf,pdf,3014454,1,参考答案,文件名含 答案,N,2023,2022-2023学年,东城,unknown,高三,一模,模拟考试,,顶层目录 2023模拟题; 最深含阶段段 `各区一模` -> 一模; 路径含地区 东城,Y
Sd71f294a3eff,BJ-2023-DC-YIMO,2023模拟题/2023各区模拟题(1)/各区一模/东城/北京市东城区2022-2023学年度第二学期高三综合练习（一）思想政治试卷.pdf,pdf,24287998,12,原卷,路径/文件名含 试卷/试题/原卷,N,2023,2022-2023学年,东城,unknown,高三,一模,模拟考试,,顶层目录 2023模拟题; 最深含阶段段 `各区一模` -> 一模; 路径含地区 东城,Y
Sd68e0801a751,BJ-2023-FT-YIMO,2023模拟题/2023各区模拟题(1)/各区一模/丰台.docx,docx,290159,unknown,教师版,内容核验：含Q1-Q22题面及内附答案/分析/详解；同卷独立原卷/答案/正式细则未闭合,N,2023,2022-2023学年,丰台,unknown,高三,一模,模拟考试,,顶层目录 2023模拟题; 最深含阶段段 `各区一模` -> 一模; 路径含地区 丰台,Y
S037fd592575b,BJ-2023-CY-YIMO,2023模拟题/2023各区模拟题(1)/各区一模/朝阳/2023-3-朝阳一模高三政治答案.pdf,pdf,235809,2,参考答案,文件名含 答案,N,2023,2022-2023学年,朝阳,unknown,高三,一模,模拟考试,,顶层目录 2023模拟题; 最深含阶段段 `2023-3-朝阳一模高三政治答案.pdf` -> 一模; 路径含地区 朝阳,Y
S878f984441fc,BJ-2023-CY-YIMO,2023模拟题/2023各区模拟题(1)/各区一模/朝阳/2023-3-朝阳一模高三政治试题.pdf,pdf,664888,8,原卷,路径/文件名含 试卷/试题/原卷,N,2023,2022-2023学年,朝阳,unknown,高三,一模,模拟考试,,顶层目录 2023模拟题; 最深含阶段段 `2023-3-朝阳一模高三政治试题.pdf` -> 一模; 路径含地区 朝阳,Y
Sb740cc856b44,BJ-2023-HD-YIMO,2023模拟题/2023各区模拟题(1)/各区一模/海淀/2022-2023年第二学期高三政治期中试题(3).pdf,pdf,733074,8,原卷,路径/文件名含 试卷/试题/原卷,N,2023,2022-2023学年,海淀,unknown,高三,期中,期中考试,,顶层目录 2023模拟题; 最深含阶段段 `2022-2023年第二学期高三政治期中试题(3).pdf` -> 期中; 路径含地区 海淀,Y
S1e63c7437c16,BJ-2023-HD-YIMO,2023模拟题/2023各区模拟题(1)/各区一模/海淀/海淀区2022-2023学年第二学期期练中习高三思想政治参考答案(4).pdf,pdf,230665,3,参考答案,文件名含 答案,N,2023,2022-2023学年,海淀,unknown,高三,一模,模拟考试,,顶层目录 2023模拟题; 最深含阶段段 `各区一模` -> 一模; 路径含地区 海淀,Y
S74dee7282b3f,BJ-2023-HD-YIMO,2023模拟题/2023各区模拟题(1)/各区一模/海淀/细则(2).pdf,pdf,11908762,49,评分材料,路径/文件名含 细则/评标,N,2023,2022-2023学年,海淀,unknown,高三,一模,模拟考试,,顶层目录 2023模拟题; 最深含阶段段 `各区一模` -> 一模; 路径含地区 海淀,Y
S86c2eb361038,BJ-2023-XC-YIMO,2023模拟题/2023各区模拟题(1)/各区一模/西城/西城-高三政治一模答案.docx,docx,44754,unknown,参考答案,文件名含 答案,N,2023,2022-2023学年,西城,unknown,高三,一模,模拟考试,,顶层目录 2023模拟题; 最深含阶段段 `西城-高三政治一模答案.docx` -> 一模; 路径含地区 西城,Y
S848e2ed7e079,BJ-2023-XC-YIMO,2023模拟题/2023各区模拟题(1)/各区一模/西城/西城-高三政治一模试卷.pdf,pdf,1152829,9,原卷,路径/文件名含 试卷/试题/原卷,N,2023,2022-2023学年,西城,unknown,高三,一模,模拟考试,,顶层目录 2023模拟题; 最深含阶段段 `西城-高三政治一模试卷.pdf` -> 一模; 路径含地区 西城,Y
S9140266498fe,BJ-2023-XC-YIMO,2023模拟题/2023各区模拟题(1)/各区一模/西城/西城细则-高三政治一模3-30(1).docx,docx,1645698,unknown,评分材料,路径/文件名含 细则/评标,N,2023,2022-2023学年,西城,unknown,高三,一模,模拟考试,,顶层目录 2023模拟题; 最深含阶段段 `西城细则-高三政治一模3-30(1).docx` -> 一模; 路径含地区 西城,Y
S184eb642c0ab,BJ-2023-DC-ERMO,2023模拟题/2023各区模拟题(1)/各区二模/√东城/东城区2023年度三综合练习（二）思想政治答案.pdf,pdf,2353309,1,参考答案,文件名含 答案,N,2023,2022-2023学年,东城,unknown,高三,二模,模拟考试,,顶层目录 2023模拟题; 最深含阶段段 `各区二模` -> 二模; 路径含地区 东城,Y
Sc8fc293be186,BJ-2023-DC-ERMO,2023模拟题/2023各区模拟题(1)/各区二模/√东城/东城区2023年度高三综合练习（二）思想政治试卷.pdf,pdf,20393543,12,原卷,路径/文件名含 试卷/试题/原卷,N,2023,2022-2023学年,东城,unknown,高三,二模,模拟考试,,顶层目录 2023模拟题; 最深含阶段段 `各区二模` -> 二模; 路径含地区 东城,Y
Sd92728609289,BJ-2023-FT-ERMO,2023模拟题/2023各区模拟题(1)/各区二模/√丰台/丰台高三政治练习二试卷.pdf,pdf,1793973,10,原卷,路径/文件名含 试卷/试题/原卷,N,2023,2022-2023学年,丰台,unknown,高三,二模,模拟考试,,顶层目录 2023模拟题; 最深含阶段段 `各区二模` -> 二模; 路径含地区 丰台,Y
Saccdd9d42a77,BJ-2023-FT-ERMO,2023模拟题/2023各区模拟题(1)/各区二模/√丰台/丰台高三政治练习二（答案）.pdf,pdf,183678,2,参考答案,文件名含 答案,N,2023,2022-2023学年,丰台,unknown,高三,二模,模拟考试,,顶层目录 2023模拟题; 最深含阶段段 `各区二模` -> 二模; 路径含地区 丰台,Y
S96315fb88e87,BJ-2023-CY-ERMO,2023模拟题/2023各区模拟题(1)/各区二模/√朝阳/202305朝阳高三2模政治答案.pdf,pdf,212309,2,参考答案,文件名含 答案,N,2023,2022-2023学年,朝阳,unknown,高三,二模,模拟考试,,顶层目录 2023模拟题; 最深含阶段段 `各区二模` -> 二模; 路径含地区 朝阳,Y
S38162016129f,BJ-2023-CY-ERMO,2023模拟题/2023各区模拟题(1)/各区二模/√朝阳/202305朝阳高三2模政治试题.pdf,pdf,743076,7,原卷,路径/文件名含 试卷/试题/原卷,N,2023,2022-2023学年,朝阳,unknown,高三,二模,模拟考试,,顶层目录 2023模拟题; 最深含阶段段 `各区二模` -> 二模; 路径含地区 朝阳,Y
Scd8eee06ecf3,BJ-2023-HD-ERMO,2023模拟题/2023各区模拟题(1)/各区二模/√海淀/海淀二模 细则(1).pptx,pptx,11575858,43,评分材料,路径/文件名含 细则/评标,N,2023,2022-2023学年,海淀,unknown,高三,二模,模拟考试,,顶层目录 2023模拟题; 最深含阶段段 `海淀二模 细则(1).pptx` -> 二模; 路径含地区 海淀,Y
Sdf79f0c4f74e,BJ-2023-HD-ERMO,2023模拟题/2023各区模拟题(1)/各区二模/√海淀/海淀区2022-2023学年第二学期期末练习高三思想政治(1).pdf,pdf,785501,8,原卷,无角色线索,N,2023,2022-2023学年,海淀,unknown,高三,期末,期末考试,,顶层目录 2023模拟题; 最深含阶段段 `海淀区2022-2023学年第二学期期末练习高三思想政治(1).pdf` -> 期末; 路径含地区 海淀,Y
S0a294f8799f7,BJ-2023-HD-ERMO,2023模拟题/2023各区模拟题(1)/各区二模/√海淀/海淀区2022-2023学年第二学期期末练习高三思想政治参考答案 (2)(1).doc,doc,52224,unknown,参考答案,文件名含 答案,N,2023,2022-2023学年,海淀,unknown,高三,期末,期末考试,,顶层目录 2023模拟题; 最深含阶段段 `海淀区2022-2023学年第二学期期末练习高三思想政治参考答案 (2)(1).doc` -> 期末; 路径含地区 海淀,Y
Sb42be5c9eb5e,BJ-2023-XC-ERMO,2023模拟题/2023各区模拟题(1)/各区二模/√西城/细则-高三政治二模5-10(2).docx,docx,50543,unknown,评分材料,路径/文件名含 细则/评标,N,2023,2022-2023学年,西城,unknown,高三,二模,模拟考试,,顶层目录 2023模拟题; 最深含阶段段 `细则-高三政治二模5-10(2).docx` -> 二模; 路径含地区 西城,Y
S9b1eec88807b,BJ-2023-XC-ERMO,2023模拟题/2023各区模拟题(1)/各区二模/√西城/西城-高三政治二模答案-定(2).docx,docx,44876,unknown,参考答案,文件名含 答案,N,2023,2022-2023学年,西城,unknown,高三,二模,模拟考试,,顶层目录 2023模拟题; 最深含阶段段 `西城-高三政治二模答案-定(2).docx` -> 二模; 路径含地区 西城,Y
Sed25ab572782,BJ-2023-XC-ERMO,2023模拟题/2023各区模拟题(1)/各区二模/√西城/西城-高三政治二模试卷-定(2).docx,docx,2921001,unknown,原卷,路径/文件名含 试卷/试题/原卷,N,2023,2022-2023学年,西城,unknown,高三,二模,模拟考试,,顶层目录 2023模拟题; 最深含阶段段 `西城-高三政治二模试卷-定(2).docx` -> 二模; 路径含地区 西城,Y
S007642ce939e,BJ-2023-HD-QIZHONG,2023模拟题/2023各区模拟题(1)/期末和期中/2023北京海淀高三（上）期中政治（教师版）.docx,docx,911224,unknown,教师版,文件名含 教师版,N,2023,2022-2023学年,海淀,unknown,高三,期中,期中考试,教师版,顶层目录 2023模拟题; 最深含阶段段 `2023北京海淀高三（上）期中政治（教师版）.docx` -> 期中; 路径含地区 海淀,Y
Sfe51d8a7d585,BJ-2023-HD-QIZHONG,2023模拟题/2023各区模拟题(1)/期末和期中/23海淀政治期中评标(1).pdf,pdf,1387026,4,评分材料,路径/文件名含 细则/评标,N,2023,2022-2023学年,海淀,unknown,高三,期中,期中考试,,顶层目录 2023模拟题; 最深含阶段段 `23海淀政治期中评标(1).pdf` -> 期中; 路径含地区 海淀,Y
S14501f7fbb96,ASM-2024届各区一模试题分类汇编必修1,2024模拟题/202404各区一模试题分类（按模块）/2024届各区一模试题分类汇编必修1.docx,docx,568828,unknown,汇编,路径/文件名含 汇编/分类/各区考题,Y,2024,2023-2024学年,unknown,unknown,高三,一模,模拟考试,,汇编文件独立登记，题目出处须逐题核实,Y
S3965bc306d35,ASM-2024届各区一模试题分类汇编必修2 ,2024模拟题/202404各区一模试题分类（按模块）/2024届各区一模试题分类汇编必修2 .docx,docx,1633889,unknown,汇编,路径/文件名含 汇编/分类/各区考题,Y,2024,2023-2024学年,unknown,unknown,高三,一模,模拟考试,,汇编文件独立登记，题目出处须逐题核实,Y
Sb2adb9acbea5,ASM-2024届各区一模试题分类汇编必修3,2024模拟题/202404各区一模试题分类（按模块）/2024届各区一模试题分类汇编必修3.docx,docx,366309,unknown,汇编,路径/文件名含 汇编/分类/各区考题,Y,2024,2023-2024学年,unknown,unknown,高三,一模,模拟考试,,汇编文件独立登记，题目出处须逐题核实,Y
S3423b62eb032,ASM-2024届各区一模试题分类汇编必修4,2024模拟题/202404各区一模试题分类（按模块）/2024届各区一模试题分类汇编必修4.docx,docx,1517404,unknown,汇编,路径/文件名含 汇编/分类/各区考题,Y,2024,2023-2024学年,unknown,unknown,高三,一模,模拟考试,,汇编文件独立登记，题目出处须逐题核实,Y
S0f4414a153ba,ASM-2024届各区一模试题分类汇编选必1,2024模拟题/202404各区一模试题分类（按模块）/2024届各区一模试题分类汇编选必1.docx,docx,1940457,unknown,汇编,路径/文件名含 汇编/分类/各区考题,Y,2024,2023-2024学年,unknown,unknown,高三,一模,模拟考试,,汇编文件独立登记，题目出处须逐题核实,Y
Sc22ac0d594c5,ASM-2024届各区一模试题分类汇编选必2,2024模拟题/202404各区一模试题分类（按模块）/2024届各区一模试题分类汇编选必2.docx,docx,779706,unknown,汇编,路径/文件名含 汇编/分类/各区考题,Y,2024,2023-2024学年,unknown,unknown,高三,一模,模拟考试,,汇编文件独立登记，题目出处须逐题核实,Y
S4b25cddd4dc2,ASM-2024届各区一模试题分类汇编选必3,2024模拟题/202404各区一模试题分类（按模块）/2024届各区一模试题分类汇编选必3.doc,doc,674304,unknown,汇编,路径/文件名含 汇编/分类/各区考题,Y,2024,2023-2024学年,unknown,unknown,高三,一模,模拟考试,,汇编文件独立登记，题目出处须逐题核实,Y
S4b2073bcc9e2,BJ-2024-DC-YIMO,2024模拟题/2024东城一模/细则/细则.pptx,pptx,18611296,74,评分材料,路径/文件名含 细则/评标,N,2024,2023-2024学年,东城,unknown,高三,一模,模拟考试,,顶层目录 2024模拟题; 最深含阶段段 `2024东城一模` -> 一模; 路径含地区 东城,Y
S7b4eece29632,BJ-2024-DC-YIMO,2024模拟题/2024东城一模/细则/补充材料/北京市东城区2023-2024学年度第二学期高三综合练习（一）思想政治答案(1).pdf,pdf,2611809,1,评分材料,混合载体；原生标题为‘思想政治参考答案及评分标准’，含Q1-Q15答案键及Q16-Q21参考答案；Q16/Q21附5～7、3～4、1～2、0分通用等级表；无题级逐点槽；同卷S4b2073bcc9e2承载详细评分。,N,2024,2023-2024学年,东城,unknown,高三,一模,模拟考试,,顶层目录 2024模拟题; 最深含阶段段 `2024东城一模` -> 一模; 路径含地区 东城,Y
S74cdfac92537,BJ-2024-DC-YIMO,2024模拟题/2024东城一模/试卷/试卷.pdf,pdf,12078779,12,原卷,路径/文件名含 试卷/试题/原卷,N,2024,2023-2024学年,东城,unknown,高三,一模,模拟考试,,顶层目录 2024模拟题; 最深含阶段段 `2024东城一模` -> 一模; 路径含地区 东城,Y
Sd64506799887,BJ-2024-CY-YIMO,2024模拟题/2024朝阳一模/其他材料/202404朝阳高三政治一模试卷讲评.pptx,pptx,7699972,50,讲评,路径/文件名含 讲评,N,2024,2023-2024学年,朝阳,unknown,高三,一模,模拟考试,,顶层目录 2024模拟题; 最深含阶段段 `202404朝阳高三政治一模试卷讲评.pptx` -> 一模; 路径含地区 朝阳,Y
Sd64506799887,BJ-2024-CY-YIMO,2024模拟题/2024朝阳一模/细则/细则.pptx,pptx,7699972,50,评分材料,路径/文件名含 细则/评标,N,2024,2023-2024学年,朝阳,unknown,高三,一模,模拟考试,,顶层目录 2024模拟题; 最深含阶段段 `2024朝阳一模` -> 一模; 路径含地区 朝阳,Y
Sf6013d54b52c,BJ-2024-CY-YIMO,2024模拟题/2024朝阳一模/细则/补充材料/细则.docx,docx,29215,unknown,评分材料,路径/文件名含 细则/评标,N,2024,2023-2024学年,朝阳,unknown,高三,一模,模拟考试,,顶层目录 2024模拟题; 最深含阶段段 `2024朝阳一模` -> 一模; 路径含地区 朝阳,Y
S25b655e73b74,BJ-2024-CY-YIMO,2024模拟题/2024朝阳一模/试卷/试卷.pdf,pdf,1324697,8,原卷,路径/文件名含 试卷/试题/原卷,N,2024,2023-2024学年,朝阳,unknown,高三,一模,模拟考试,,顶层目录 2024模拟题; 最深含阶段段 `2024朝阳一模` -> 一模; 路径含地区 朝阳,Y
S84218459671a,BJ-2024-CY-ERMO,2024模拟题/2024朝阳二模/细则/细则.pdf,pdf,558870,5,评分材料,路径/文件名含 细则/评标,N,2024,2023-2024学年,朝阳,unknown,高三,二模,模拟考试,,顶层目录 2024模拟题; 最深含阶段段 `2024朝阳二模` -> 二模; 路径含地区 朝阳,Y
Sf7c4cc4ac52e,BJ-2024-CY-ERMO,2024模拟题/2024朝阳二模/细则/补充材料/细则.docx,docx,28300,unknown,评分材料,路径/文件名含 细则/评标,N,2024,2023-2024学年,朝阳,unknown,高三,二模,模拟考试,,顶层目录 2024模拟题; 最深含阶段段 `2024朝阳二模` -> 二模; 路径含地区 朝阳,Y
S9223488a4b5e,BJ-2024-CY-ERMO,2024模拟题/2024朝阳二模/试卷/试卷.pdf,pdf,686177,8,原卷,路径/文件名含 试卷/试题/原卷,N,2024,2023-2024学年,朝阳,unknown,高三,二模,模拟考试,,顶层目录 2024模拟题; 最深含阶段段 `2024朝阳二模` -> 二模; 路径含地区 朝阳,Y
S0f8ea3bbe262,BJ-2024-CY-QIZHONG,2024模拟题/2024朝阳期中/细则/细则.docx,docx,29099,unknown,评分材料,路径/文件名含 细则/评标,N,2024,2023-2024学年,朝阳,unknown,高三,期中,期中考试,,顶层目录 2024模拟题; 最深含阶段段 `2024朝阳期中` -> 期中; 路径含地区 朝阳,Y
S92a268ce852f,BJ-2024-CY-QIZHONG,2024模拟题/2024朝阳期中/细则/补充材料/2024.11期中政治朝阳评标2.docx,docx,121373,unknown,评分材料,路径/文件名含 细则/评标,N,2024,2023-2024学年,朝阳,unknown,高三,期中,期中考试,,顶层目录 2024模拟题; 最深含阶段段 `2024.11期中政治朝阳评标2.docx` -> 期中; 路径含地区 朝阳,Y
S25b6e8c2207d,BJ-2024-CY-QIZHONG,2024模拟题/2024朝阳期中/细则/补充材料/细则.rtf,rtf,186917,unknown,评分材料,路径/文件名含 细则/评标,N,2024,2023-2024学年,朝阳,unknown,高三,期中,期中考试,,顶层目录 2024模拟题; 最深含阶段段 `2024朝阳期中` -> 期中; 路径含地区 朝阳,Y
S0a50f76fd1e1,BJ-2024-CY-QIZHONG,2024模拟题/2024朝阳期中/试卷/补充材料/202411朝阳高三政治 期中1试题(1).pdf,pdf,532797,8,原卷,路径/文件名含 试卷/试题/原卷,N,2024,2023-2024学年,朝阳,unknown,高三,期中,期中考试,,顶层目录 2024模拟题; 最深含阶段段 `202411朝阳高三政治 期中1试题(1).pdf` -> 期中; 路径含地区 朝阳,Y
S0a50f76fd1e1,BJ-2024-CY-QIZHONG,2024模拟题/2024朝阳期中/试卷/试卷.pdf,pdf,532797,8,原卷,路径/文件名含 试卷/试题/原卷,N,2024,2023-2024学年,朝阳,unknown,高三,期中,期中考试,,顶层目录 2024模拟题; 最深含阶段段 `2024朝阳期中` -> 期中; 路径含地区 朝阳,Y
Sb692254ceb1b,BJ-2024-HD-YIMO,2024模拟题/2024海淀一模/细则/细则.docx,docx,67046,unknown,评分材料,路径/文件名含 细则/评标,N,2024,2023-2024学年,海淀,unknown,高三,一模,模拟考试,,顶层目录 2024模拟题; 最深含阶段段 `2024海淀一模` -> 一模; 路径含地区 海淀,Y
S98d1d762f302,BJ-2024-HD-YIMO,2024模拟题/2024海淀一模/细则/补充材料/一模政治-答案.docx,docx,22184,unknown,参考答案,Sol采纳独立Luna/max实物裁定：Q1-Q15答案键、Q16-Q20主观参考答案及通用等级描述；非正式E1细则,N,2024,2023-2024学年,海淀,unknown,高三,一模,模拟考试,,顶层目录 2024模拟题; 最深含阶段段 `一模政治-答案.docx` -> 一模; 路径含地区 海淀,Y
S4bc0edec2a08,BJ-2024-HD-YIMO,2024模拟题/2024海淀一模/试卷/试卷.pdf,pdf,658903,8,原卷,路径/文件名含 试卷/试题/原卷,N,2024,2023-2024学年,海淀,unknown,高三,一模,模拟考试,,顶层目录 2024模拟题; 最深含阶段段 `2024海淀一模` -> 一模; 路径含地区 海淀,Y
Sfee5258a9b73,BJ-2024-HD-QIZHONG,2024模拟题/2024海淀期中/细则/细则.pdf,pdf,5808964,71,评分材料,路径/文件名含 细则/评标,N,2024,2023-2024学年,海淀,unknown,高三,期中,期中考试,,顶层目录 2024模拟题; 最深含阶段段 `2024海淀期中` -> 期中; 路径含地区 海淀,Y
S16c75dff224a,BJ-2024-HD-QIZHONG,2024模拟题/2024海淀期中/试卷/试卷.pdf,pdf,4988708,8,原卷,路径/文件名含 试卷/试题/原卷,N,2024,2023-2024学年,海淀,unknown,高三,期中,期中考试,,顶层目录 2024模拟题; 最深含阶段段 `2024海淀期中` -> 期中; 路径含地区 海淀,Y
S3fe06deac367,BJ-2024-DC-ERMO,2024模拟题/东城二模/细则/分题细则/阅卷总结/16题/16题二模阅卷总结.docx,docx,1030669,unknown,评分细则_分题切片,路径含 分题细则,N,2024,2023-2024学年,东城,unknown,高三,二模,模拟考试,,顶层目录 2024模拟题; 最深含阶段段 `16题二模阅卷总结.docx` -> 二模; 路径含地区 东城,Y
S896b0f378cbd,BJ-2024-DC-ERMO,2024模拟题/东城二模/细则/分题细则/阅卷总结/16题/16题评分细则.pptx,pptx,42333,6,评分细则_分题切片,路径含 分题细则,N,2024,2023-2024学年,东城,unknown,高三,二模,模拟考试,,顶层目录 2024模拟题; 最深含阶段段 `东城二模` -> 二模; 路径含地区 东城,Y
S47c34e3af056,BJ-2024-DC-ERMO,2024模拟题/东城二模/细则/分题细则/阅卷总结/17题/17(1).docx,docx,887638,unknown,评分细则_分题切片,路径含 分题细则,N,2024,2023-2024学年,东城,unknown,高三,二模,模拟考试,,顶层目录 2024模拟题; 最深含阶段段 `东城二模` -> 二模; 路径含地区 东城,Y
S72fd64a3dddd,BJ-2024-DC-ERMO,2024模拟题/东城二模/细则/分题细则/阅卷总结/17题/17-2.docx,docx,819612,unknown,评分细则_分题切片,路径含 分题细则,N,2024,2023-2024学年,东城,unknown,高三,二模,模拟考试,,顶层目录 2024模拟题; 最深含阶段段 `东城二模` -> 二模; 路径含地区 东城,Y
S4238b9f0bc92,BJ-2024-DC-ERMO,2024模拟题/东城二模/细则/分题细则/阅卷总结/18题/18(1).docx,docx,1488308,unknown,评分细则_分题切片,路径含 分题细则,N,2024,2023-2024学年,东城,unknown,高三,二模,模拟考试,,顶层目录 2024模拟题; 最深含阶段段 `东城二模` -> 二模; 路径含地区 东城,Y
S6c445538df98,BJ-2024-DC-ERMO,2024模拟题/东城二模/细则/分题细则/阅卷总结/18题/18（2）.docx,docx,1472682,unknown,评分细则_分题切片,路径含 分题细则,N,2024,2023-2024学年,东城,unknown,高三,二模,模拟考试,,顶层目录 2024模拟题; 最深含阶段段 `东城二模` -> 二模; 路径含地区 东城,Y
Sd682ecb2695e,BJ-2024-DC-ERMO,2024模拟题/东城二模/细则/分题细则/阅卷总结/19题/19（1）.docx,docx,1545984,unknown,评分细则_分题切片,路径含 分题细则,N,2024,2023-2024学年,东城,unknown,高三,二模,模拟考试,,顶层目录 2024模拟题; 最深含阶段段 `东城二模` -> 二模; 路径含地区 东城,Y
S5c18cbecb82d,BJ-2024-DC-ERMO,2024模拟题/东城二模/细则/分题细则/阅卷总结/19题/19（2）.docx,docx,20052,unknown,评分细则_分题切片,路径含 分题细则,N,2024,2023-2024学年,东城,unknown,高三,二模,模拟考试,,顶层目录 2024模拟题; 最深含阶段段 `东城二模` -> 二模; 路径含地区 东城,Y
S4c98484a2246,BJ-2024-DC-ERMO,2024模拟题/东城二模/细则/分题细则/阅卷总结/21题/20小题二模阅卷总结.docx,docx,941301,unknown,评分细则_分题切片,路径含 分题细则,N,2024,2023-2024学年,东城,unknown,高三,二模,模拟考试,,顶层目录 2024模拟题; 最深含阶段段 `20小题二模阅卷总结.docx` -> 二模; 路径含地区 东城,Y
S9019906692e8,BJ-2024-DC-ERMO,2024模拟题/东城二模/细则/分题细则/阅卷总结/21题/21.docx,docx,840466,unknown,评分细则_分题切片,路径含 分题细则,N,2024,2023-2024学年,东城,unknown,高三,二模,模拟考试,,顶层目录 2024模拟题; 最深含阶段段 `东城二模` -> 二模; 路径含地区 东城,Y
Sbdc183dc9541,BJ-2024-DC-ERMO,2024模拟题/东城二模/细则/分题细则/阅卷总结/21题/21题(1).pptx,pptx,1014166,9,评分细则_分题切片,路径含 分题细则,N,2024,2023-2024学年,东城,unknown,高三,二模,模拟考试,,顶层目录 2024模拟题; 最深含阶段段 `东城二模` -> 二模; 路径含地区 东城,Y
S8db78abe18de,BJ-2024-DC-ERMO,2024模拟题/东城二模/细则/补充材料/细则.pdf,pdf,3561061,1,评分材料,路径/文件名含 细则/评标,N,2024,2023-2024学年,东城,unknown,高三,二模,模拟考试,,顶层目录 2024模拟题; 最深含阶段段 `东城二模` -> 二模; 路径含地区 东城,Y
Sda9fdcae666d,BJ-2024-DC-ERMO,2024模拟题/东城二模/试卷/试卷.pdf,pdf,18119420,12,原卷,路径/文件名含 试卷/试题/原卷,N,2024,2023-2024学年,东城,unknown,高三,二模,模拟考试,,顶层目录 2024模拟题; 最深含阶段段 `东城二模` -> 二模; 路径含地区 东城,Y
S950d6b2d3cdd,BJ-2024-FT-YIMO,2024模拟题/丰台一模/细则/细则.docx,docx,24557,unknown,评分材料,路径/文件名含 细则/评标,N,2024,2023-2024学年,丰台,unknown,高三,一模,模拟考试,,顶层目录 2024模拟题; 最深含阶段段 `丰台一模` -> 一模; 路径含地区 丰台,Y
S5f5486bfc3ba,BJ-2024-FT-YIMO,2024模拟题/丰台一模/试卷/补充材料/2024北京丰台高三一模政治试题及答案.pdf,pdf,458340,9,参考答案,文件名含 答案,N,2024,2023-2024学年,丰台,unknown,高三,一模,模拟考试,,顶层目录 2024模拟题; 最深含阶段段 `2024北京丰台高三一模政治试题及答案.pdf` -> 一模; 路径含地区 丰台,Y
S4800d0b858f0,BJ-2024-FT-YIMO,2024模拟题/丰台一模/试卷/试卷.pdf,pdf,4148690,8,原卷,路径/文件名含 试卷/试题/原卷,N,2024,2023-2024学年,丰台,unknown,高三,一模,模拟考试,,顶层目录 2024模拟题; 最深含阶段段 `丰台一模` -> 一模; 路径含地区 丰台,Y
S71fcaa9e66af,BJ-2024-FT-ERMO,2024模拟题/丰台二模/细则/细则.docx,docx,58578,unknown,评分材料,路径/文件名含 细则/评标,N,2024,2023-2024学年,丰台,unknown,高三,二模,模拟考试,,顶层目录 2024模拟题; 最深含阶段段 `丰台二模` -> 二模; 路径含地区 丰台,Y
S57ddd500c48e,BJ-2024-FT-ERMO,2024模拟题/丰台二模/试卷/试卷.pdf,pdf,10551122,8,原卷,路径/文件名含 试卷/试题/原卷,N,2024,2023-2024学年,丰台,unknown,高三,二模,模拟考试,,顶层目录 2024模拟题; 最深含阶段段 `丰台二模` -> 二模; 路径含地区 丰台,Y
Sbe4202246df3,ASM-北京2024各区《经济与社会》考题-wlfwlf,2024模拟题/北京2024各区《经济与社会》考题-wlfwlf.docx,docx,3158520,unknown,汇编,路径/文件名含 汇编/分类/各区考题,Y,2024,2023-2024学年,unknown,unknown,高三,unknown,unknown,,汇编文件独立登记，题目出处须逐题核实,Y
S9a3f865ff2f0,ASM-北京及2024各区《经济与社会》考题-wlf,2024模拟题/北京及2024各区《经济与社会》考题-wlf.pdf,pdf,2437451,19,汇编,路径/文件名含 汇编/分类/各区考题,Y,2024,2023-2024学年,unknown,unknown,高三,unknown,unknown,,汇编文件独立登记，题目出处须逐题核实,Y
S227192d22e10,BJ-2024-HD-ERMO,2024模拟题/海淀二模/细则/细则.docx,docx,535443,unknown,评分材料,路径/文件名含 细则/评标,N,2024,2023-2024学年,海淀,unknown,高三,二模,模拟考试,,顶层目录 2024模拟题; 最深含阶段段 `海淀二模` -> 二模; 路径含地区 海淀,Y
S8f109fb09efc,BJ-2024-HD-ERMO,2024模拟题/海淀二模/细则/补充材料/高三二模：政治答案(2).docx,docx,22380,unknown,参考答案,原生标题为‘高三思想政治参考答案’，正文含Q1-Q15答案键及Q16-Q21参考答案；附两张通用等级描述，非题级正式评分细则,N,2024,2023-2024学年,海淀,unknown,高三,二模,模拟考试,,顶层目录 2024模拟题; 最深含阶段段 `高三二模：政治答案(2).docx` -> 二模; 路径含地区 海淀,Y
S13d454fdd813,BJ-2024-HD-ERMO,2024模拟题/海淀二模/试卷/补充材料/高三二模：政治试题（以PDF为准）(1).docx,docx,253229,unknown,原卷,路径/文件名含 试卷/试题/原卷,N,2024,2023-2024学年,海淀,unknown,高三,二模,模拟考试,,顶层目录 2024模拟题; 最深含阶段段 `高三二模：政治试题（以PDF为准）(1).docx` -> 二模; 路径含地区 海淀,Y
S5355283f436e,BJ-2024-HD-ERMO,2024模拟题/海淀二模/试卷/试卷.pdf,pdf,513944,8,原卷,路径/文件名含 试卷/试题/原卷,N,2024,2023-2024学年,海淀,unknown,高三,二模,模拟考试,,顶层目录 2024模拟题; 最深含阶段段 `海淀二模` -> 二模; 路径含地区 海淀,Y
S935b8ea1e01b,BJ-2024-SJS-YIMO,2024模拟题/石景山一模/细则/细则.pptx,pptx,10536645,67,评分材料,路径/文件名含 细则/评标,N,2024,2023-2024学年,石景山,unknown,高三,一模,模拟考试,,顶层目录 2024模拟题; 最深含阶段段 `石景山一模` -> 一模; 路径含地区 石景山,Y
Sf581620be44a,BJ-2024-SJS-YIMO,2024模拟题/石景山一模/试卷/试卷.docx,docx,353125,unknown,原卷,路径/文件名含 试卷/试题/原卷,N,2024,2023-2024学年,石景山,unknown,高三,一模,模拟考试,,顶层目录 2024模拟题; 最深含阶段段 `石景山一模` -> 一模; 路径含地区 石景山,Y
Sf7bcf000f212,BJ-2024-XC-YIMO,2024模拟题/西城一模/细则/细则.docx,docx,48086,unknown,评分材料,路径/文件名含 细则/评标,N,2024,2023-2024学年,西城,unknown,高三,一模,模拟考试,,顶层目录 2024模拟题; 最深含阶段段 `西城一模` -> 一模; 路径含地区 西城,Y
S91e28443e7a1,BJ-2024-XC-YIMO,2024模拟题/西城一模/细则/补充材料/2024.4高三统一测试思想政治答案.docx,docx,42156,unknown,参考答案,文档原生标题为‘答案及评分参考’，含Q1-Q15答案键、Q16-Q19参考答案和一张通用等级描述表；无题级E1细则；正式评分由Sf7bcf000f212承载。,N,2024,2023-2024学年,西城,unknown,高三,一模,模拟考试,,顶层目录 2024模拟题; 最深含阶段段 `西城一模` -> 一模; 路径含地区 西城,Y
S2aa2ee045f75,BJ-2024-XC-YIMO,2024模拟题/西城一模/试卷/试卷.docx,docx,2046293,unknown,原卷,路径/文件名含 试卷/试题/原卷,N,2024,2023-2024学年,西城,unknown,高三,一模,模拟考试,,顶层目录 2024模拟题; 最深含阶段段 `西城一模` -> 一模; 路径含地区 西城,Y
S0699487fb810,BJ-2024-DC-ERMO,2024模拟题/西城二模/其他材料/西城东城二模选择题讲评.pdf,pdf,1174827,11,讲评,路径/文件名含 讲评,N,2024,2023-2024学年,东城,unknown,高三,二模,模拟考试,,顶层目录 2024模拟题; 最深含阶段段 `西城东城二模选择题讲评.pdf` -> 二模; 路径含地区 东城,Y
S5253381d5b61,BJ-2024-DC-ERMO,2024模拟题/西城二模/其他材料/西城东城二模选择题讲评.pptx,pptx,3106616,17,讲评,路径/文件名含 讲评,N,2024,2023-2024学年,东城,unknown,高三,二模,模拟考试,,顶层目录 2024模拟题; 最深含阶段段 `西城东城二模选择题讲评.pptx` -> 二模; 路径含地区 东城,Y
Sf2e1772f20ed,BJ-2024-XC-ERMO,2024模拟题/西城二模/细则/细则.docx,docx,50023,unknown,评分材料,路径/文件名含 细则/评标,N,2024,2023-2024学年,西城,unknown,高三,二模,模拟考试,,顶层目录 2024模拟题; 最深含阶段段 `西城二模` -> 二模; 路径含地区 西城,Y
S85ebe0578ce8,BJ-2024-XC-ERMO,2024模拟题/西城二模/细则/补充材料/高三模拟测试思想政治答案.docx,docx,43143,unknown,参考答案,文档原生标题为‘答案及评分参考’，含Q1-Q15答案键、Q16-Q19参考答案和两张通用等级描述表；无题级E1细则；正式评分由Sf2e1772f20ed承载。,N,2024,2023-2024学年,西城,unknown,高三,二模,模拟考试,,顶层目录 2024模拟题; 最深含阶段段 `西城二模` -> 二模; 路径含地区 西城,Y
S0dbd7271f7bf,BJ-2024-XC-ERMO,2024模拟题/西城二模/试卷/试卷.docx,docx,483636,unknown,原卷,路径/文件名含 试卷/试题/原卷,N,2024,2023-2024学年,西城,unknown,高三,二模,模拟考试,,顶层目录 2024模拟题; 最深含阶段段 `西城二模` -> 二模; 路径含地区 西城,Y
Sc254bbee61da,BJ-2025-DC-YIMO,2025模拟题/2025各区一模/2025东城一模/细则/细则.pdf,pdf,370507,6,评分材料,路径/文件名含 细则/评标,N,2025,2024-2025学年,东城,unknown,高三,一模,模拟考试,,顶层目录 2025模拟题; 最深含阶段段 `2025东城一模` -> 一模; 路径含地区 东城,Y
S46c444a91d49,BJ-2025-DC-YIMO,2025模拟题/2025各区一模/2025东城一模/试卷/试卷.pdf,pdf,810417,9,原卷,路径/文件名含 试卷/试题/原卷,N,2025,2024-2025学年,东城,unknown,高三,一模,模拟考试,,顶层目录 2025模拟题; 最深含阶段段 `2025东城一模` -> 一模; 路径含地区 东城,Y
Sc143f0d3215c,BJ-2025-FT-YIMO,2025模拟题/2025各区一模/2025丰台一模/细则/细则.docx,docx,28150,unknown,评分材料,路径/文件名含 细则/评标,N,2025,2024-2025学年,丰台,unknown,高三,一模,模拟考试,,顶层目录 2025模拟题; 最深含阶段段 `2025丰台一模` -> 一模; 路径含地区 丰台,Y
Se8823e6dc1a7,BJ-2025-FT-YIMO,2025模拟题/2025各区一模/2025丰台一模/试卷/试卷.pdf,pdf,820699,11,原卷,路径/文件名含 试卷/试题/原卷,N,2025,2024-2025学年,丰台,unknown,高三,一模,模拟考试,,顶层目录 2025模拟题; 最深含阶段段 `2025丰台一模` -> 一模; 路径含地区 丰台,Y
Sc0a3990e9579,BJ-2025-YQ-YIMO,2025模拟题/2025各区一模/2025延庆一模/细则/细则.docx,docx,21765,unknown,评分材料,路径/文件名含 细则/评标,N,2025,2024-2025学年,延庆,unknown,高三,一模,模拟考试,,顶层目录 2025模拟题; 最深含阶段段 `2025延庆一模` -> 一模; 路径含地区 延庆,Y
S94785525e645,BJ-2025-YQ-YIMO,2025模拟题/2025各区一模/2025延庆一模/试卷/试卷.pdf,pdf,870780,10,原卷,路径/文件名含 试卷/试题/原卷,N,2025,2024-2025学年,延庆,unknown,高三,一模,模拟考试,,顶层目录 2025模拟题; 最深含阶段段 `2025延庆一模` -> 一模; 路径含地区 延庆,Y
S17cdecfbd774,BJ-2025-FS-YIMO,2025模拟题/2025各区一模/2025房山一模/细则/细则.pdf,pdf,245221,4,评分材料,路径/文件名含 细则/评标,N,2025,2024-2025学年,房山,unknown,高三,一模,模拟考试,,顶层目录 2025模拟题; 最深含阶段段 `2025房山一模` -> 一模; 路径含地区 房山,Y
S3227fd51f202,BJ-2025-FS-YIMO,2025模拟题/2025各区一模/2025房山一模/试卷/试卷.pdf,pdf,785455,16,原卷,路径/文件名含 试卷/试题/原卷,N,2025,2024-2025学年,房山,unknown,高三,一模,模拟考试,,顶层目录 2025模拟题; 最深含阶段段 `2025房山一模` -> 一模; 路径含地区 房山,Y
Sba64c6663074,BJ-2025-CY-YIMO,2025模拟题/2025各区一模/2025朝阳一模/其他材料/高三政治一模试卷讲评.pptx,pptx,660961,unknown,讲评,路径/文件名含 讲评,N,2025,2024-2025学年,朝阳,unknown,高三,一模,模拟考试,,顶层目录 2025模拟题; 最深含阶段段 `高三政治一模试卷讲评.pptx` -> 一模; 路径含地区 朝阳,Y
Sf5f683a90050,BJ-2025-CY-YIMO,2025模拟题/2025各区一模/2025朝阳一模/细则/细则.pdf,pdf,731224,3,评分材料,路径/文件名含 细则/评标,N,2025,2024-2025学年,朝阳,unknown,高三,一模,模拟考试,,顶层目录 2025模拟题; 最深含阶段段 `2025朝阳一模` -> 一模; 路径含地区 朝阳,Y
Sf0b3ab889aa0,BJ-2025-CY-YIMO,2025模拟题/2025各区一模/2025朝阳一模/细则/补充材料/20250329高3阅卷总结17 1题 具身智能 任会波组 阐释论证.doc,doc,50176,unknown,阅卷总结,路径/文件名含 阅卷总结,N,2025,2024-2025学年,朝阳,unknown,高三,一模,模拟考试,,顶层目录 2025模拟题; 最深含阶段段 `2025朝阳一模` -> 一模; 路径含地区 朝阳,Y
Sf7bfc3e53261,BJ-2025-CY-YIMO,2025模拟题/2025各区一模/2025朝阳一模/细则/补充材料/20250329高3阅卷总结18题 社区治理 汤桃玲组 探究建构.doc,doc,66048,unknown,阅卷总结,路径/文件名含 阅卷总结,N,2025,2024-2025学年,朝阳,unknown,高三,一模,模拟考试,,顶层目录 2025模拟题; 最深含阶段段 `2025朝阳一模` -> 一模; 路径含地区 朝阳,Y
Sb51916fe7b59,BJ-2025-CY-YIMO,2025模拟题/2025各区一模/2025朝阳一模/细则/补充材料/20250329高3阅卷总结19题 合同欺诈  阐释论证.doc,doc,52736,unknown,阅卷总结,路径/文件名含 阅卷总结,N,2025,2024-2025学年,朝阳,unknown,高三,一模,模拟考试,,顶层目录 2025模拟题; 最深含阶段段 `2025朝阳一模` -> 一模; 路径含地区 朝阳,Y
Se051761a7fc6,BJ-2025-CY-YIMO,2025模拟题/2025各区一模/2025朝阳一模/试卷/试卷.pdf,pdf,631028,10,原卷,路径/文件名含 试卷/试题/原卷,N,2025,2024-2025学年,朝阳,unknown,高三,一模,模拟考试,,顶层目录 2025模拟题; 最深含阶段段 `2025朝阳一模` -> 一模; 路径含地区 朝阳,Y
S506347bd4a70,BJ-2025-HD-YIMO,2025模拟题/2025各区一模/2025海淀一模/细则/细则.docx,docx,9649034,unknown,评分材料,路径/文件名含 细则/评标,N,2025,2024-2025学年,海淀,unknown,高三,一模,模拟考试,,顶层目录 2025模拟题; 最深含阶段段 `2025海淀一模` -> 一模; 路径含地区 海淀,Y
Sbe30611f2f07,BJ-2025-HD-YIMO,2025模拟题/2025各区一模/2025海淀一模/试卷/补充材料/EDU_1500334100000021014_61af1789-0742-472d-86cd-e6cb420b0ecb.pdf,pdf,1672781,10,原卷,路径/文件名含 试卷/试题/原卷,N,2025,2024-2025学年,海淀,unknown,高三,一模,模拟考试,,顶层目录 2025模拟题; 最深含阶段段 `2025海淀一模` -> 一模; 路径含地区 海淀,Y
S7ebce670784d,BJ-2025-HD-YIMO,2025模拟题/2025各区一模/2025海淀一模/试卷/试卷.pdf,pdf,692410,9,原卷,路径/文件名含 试卷/试题/原卷,N,2025,2024-2025学年,海淀,unknown,高三,一模,模拟考试,,顶层目录 2025模拟题; 最深含阶段段 `2025海淀一模` -> 一模; 路径含地区 海淀,Y
S0b97375f2f69,BJ-2025-SJS-YIMO,2025模拟题/2025各区一模/2025石景山一模/细则/细则.doc,doc,47104,unknown,评分材料,路径/文件名含 细则/评标,N,2025,2024-2025学年,石景山,unknown,高三,一模,模拟考试,,顶层目录 2025模拟题; 最深含阶段段 `2025石景山一模` -> 一模; 路径含地区 石景山,Y
Sfb8717be46da,BJ-2025-SJS-YIMO,2025模拟题/2025各区一模/2025石景山一模/试卷/试卷.pdf,pdf,761460,11,原卷,路径/文件名含 试卷/试题/原卷,N,2025,2024-2025学年,石景山,unknown,高三,一模,模拟考试,,顶层目录 2025模拟题; 最深含阶段段 `2025石景山一模` -> 一模; 路径含地区 石景山,Y
Saf675a5d751f,BJ-2025-XC-YIMO,2025模拟题/2025各区一模/2025西城一模/细则/细则.docx,docx,29503,unknown,评分材料,路径/文件名含 细则/评标,N,2025,2024-2025学年,西城,unknown,高三,一模,模拟考试,,顶层目录 2025模拟题; 最深含阶段段 `2025西城一模` -> 一模; 路径含地区 西城,Y
S2542f29bb04e,BJ-2025-XC-YIMO,2025模拟题/2025各区一模/2025西城一模/试卷/试卷.pdf,pdf,847160,10,原卷,路径/文件名含 试卷/试题/原卷,N,2025,2024-2025学年,西城,unknown,高三,一模,模拟考试,,顶层目录 2025模拟题; 最深含阶段段 `2025西城一模` -> 一模; 路径含地区 西城,Y
S26d9b2280640,BJ-2025-MTG-YIMO,2025模拟题/2025各区一模/2025门头沟一模/细则/细则.doc,doc,29742,unknown,评分材料,路径/文件名含 细则/评标,N,2025,2024-2025学年,门头沟,unknown,高三,一模,模拟考试,,顶层目录 2025模拟题; 最深含阶段段 `2025门头沟一模` -> 一模; 路径含地区 门头沟,Y
S1d8a23fe11f5,BJ-2025-MTG-YIMO,2025模拟题/2025各区一模/2025门头沟一模/试卷/试卷.pdf,pdf,754233,10,原卷,路径/文件名含 试卷/试题/原卷,N,2025,2024-2025学年,门头沟,unknown,高三,一模,模拟考试,,顶层目录 2025模拟题; 最深含阶段段 `2025门头沟一模` -> 一模; 路径含地区 门头沟,Y
Sbef8332e23ce,BJ-2025-SY-YIMO,2025模拟题/2025各区一模/2025顺义一模/细则/细则.docx,docx,2827816,unknown,评分材料,路径/文件名含 细则/评标,N,2025,2024-2025学年,顺义,unknown,高三,一模,模拟考试,,顶层目录 2025模拟题; 最深含阶段段 `2025顺义一模` -> 一模; 路径含地区 顺义,Y
S9dd43cae443f,BJ-2025-SY-YIMO,2025模拟题/2025各区一模/2025顺义一模/试卷/试卷.pdf,pdf,945155,18,原卷,路径/文件名含 试卷/试题/原卷,N,2025,2024-2025学年,顺义,unknown,高三,一模,模拟考试,,顶层目录 2025模拟题; 最深含阶段段 `2025顺义一模` -> 一模; 路径含地区 顺义,Y
S606dbae1d5ce,BJ-2025-DC-ERMO,2025模拟题/2025各区二模/2025东城二模/细则/细则.pdf,pdf,327662,5,评分材料,路径/文件名含 细则/评标,N,2025,2024-2025学年,东城,unknown,高三,二模,模拟考试,,顶层目录 2025模拟题; 最深含阶段段 `2025东城二模` -> 二模; 路径含地区 东城,Y
S9b287871f660,BJ-2025-DC-ERMO,2025模拟题/2025各区二模/2025东城二模/试卷/试卷.pdf,pdf,575180,8,原卷,路径/文件名含 试卷/试题/原卷,N,2025,2024-2025学年,东城,unknown,高三,二模,模拟考试,,顶层目录 2025模拟题; 最深含阶段段 `2025东城二模` -> 二模; 路径含地区 东城,Y
S2f596046ed6d,BJ-2025-FT-ERMO,2025模拟题/2025各区二模/2025丰台二模/细则/分题细则/2025丰台二模评标细则/2025丰台二模评标细则/16.(1).doc,doc,1120834,unknown,评分细则_分题切片,路径含 分题细则,N,2025,2024-2025学年,丰台,unknown,高三,二模,模拟考试,,顶层目录 2025模拟题; 最深含阶段段 `2025丰台二模评标细则` -> 二模; 路径含地区 丰台,Y
Se3e9942211ec,BJ-2025-FT-ERMO,2025模拟题/2025各区二模/2025丰台二模/细则/分题细则/2025丰台二模评标细则/2025丰台二模评标细则/16.(2).docx,docx,861603,unknown,评分细则_分题切片,路径含 分题细则,N,2025,2024-2025学年,丰台,unknown,高三,二模,模拟考试,,顶层目录 2025模拟题; 最深含阶段段 `2025丰台二模评标细则` -> 二模; 路径含地区 丰台,Y
S71d970ada83c,BJ-2025-FT-ERMO,2025模拟题/2025各区二模/2025丰台二模/细则/分题细则/2025丰台二模评标细则/2025丰台二模评标细则/17题.docx,docx,1892630,unknown,评分细则_分题切片,路径含 分题细则,N,2025,2024-2025学年,丰台,unknown,高三,二模,模拟考试,,顶层目录 2025模拟题; 最深含阶段段 `2025丰台二模评标细则` -> 二模; 路径含地区 丰台,Y
S56b5533477c2,BJ-2025-FT-ERMO,2025模拟题/2025各区二模/2025丰台二模/细则/分题细则/2025丰台二模评标细则/2025丰台二模评标细则/18题 .docx,docx,3477321,unknown,评分细则_分题切片,路径含 分题细则,N,2025,2024-2025学年,丰台,unknown,高三,二模,模拟考试,,顶层目录 2025模拟题; 最深含阶段段 `2025丰台二模评标细则` -> 二模; 路径含地区 丰台,Y
S0e0ec077bf92,BJ-2025-FT-ERMO,2025模拟题/2025各区二模/2025丰台二模/细则/分题细则/2025丰台二模评标细则/2025丰台二模评标细则/19.(1).docx,docx,650202,unknown,评分细则_分题切片,路径含 分题细则,N,2025,2024-2025学年,丰台,unknown,高三,二模,模拟考试,,顶层目录 2025模拟题; 最深含阶段段 `2025丰台二模评标细则` -> 二模; 路径含地区 丰台,Y
Sa85076fc73d8,BJ-2025-FT-ERMO,2025模拟题/2025各区二模/2025丰台二模/细则/分题细则/2025丰台二模评标细则/2025丰台二模评标细则/19.(2).docx,docx,530536,unknown,评分细则_分题切片,路径含 分题细则,N,2025,2024-2025学年,丰台,unknown,高三,二模,模拟考试,,顶层目录 2025模拟题; 最深含阶段段 `2025丰台二模评标细则` -> 二模; 路径含地区 丰台,Y
S17616554d573,BJ-2025-FT-ERMO,2025模拟题/2025各区二模/2025丰台二模/细则/分题细则/2025丰台二模评标细则/2025丰台二模评标细则/20题.docx,docx,894350,unknown,评分细则_分题切片,路径含 分题细则,N,2025,2024-2025学年,丰台,unknown,高三,二模,模拟考试,,顶层目录 2025模拟题; 最深含阶段段 `2025丰台二模评标细则` -> 二模; 路径含地区 丰台,Y
S11303432404c,BJ-2025-FT-ERMO,2025模拟题/2025各区二模/2025丰台二模/细则/分题细则/2025丰台二模评标细则/2025丰台二模评标细则/21题.docx,docx,5374172,unknown,评分细则_分题切片,路径含 分题细则,N,2025,2024-2025学年,丰台,unknown,高三,二模,模拟考试,,顶层目录 2025模拟题; 最深含阶段段 `2025丰台二模评标细则` -> 二模; 路径含地区 丰台,Y
S9f3b48608884,BJ-2025-FT-ERMO,2025模拟题/2025各区二模/2025丰台二模/试卷/试卷.pdf,pdf,851941,10,原卷,路径/文件名含 试卷/试题/原卷,N,2025,2024-2025学年,丰台,unknown,高三,二模,模拟考试,,顶层目录 2025模拟题; 最深含阶段段 `2025丰台二模` -> 二模; 路径含地区 丰台,Y
Saf3875177855,BJ-2025-CP-ERMO,2025模拟题/2025各区二模/2025昌平二模/细则/细则.pptx,pptx,3287406,21,评分材料,路径/文件名含 细则/评标,N,2025,2024-2025学年,昌平,unknown,高三,二模,模拟考试,,顶层目录 2025模拟题; 最深含阶段段 `2025昌平二模` -> 二模; 路径含地区 昌平,Y
S6e5080fb116a,BJ-2025-CP-ERMO,2025模拟题/2025各区二模/2025昌平二模/试卷/试卷.pdf,pdf,826723,11,原卷,路径/文件名含 试卷/试题/原卷,N,2025,2024-2025学年,昌平,unknown,高三,二模,模拟考试,,顶层目录 2025模拟题; 最深含阶段段 `2025昌平二模` -> 二模; 路径含地区 昌平,Y
S73c36c3077dc,BJ-2025-CY-ERMO,2025模拟题/2025各区二模/2025朝阳二模/细则/细则.docx,docx,29885,unknown,评分材料,路径/文件名含 细则/评标,N,2025,2024-2025学年,朝阳,unknown,高三,二模,模拟考试,,顶层目录 2025模拟题; 最深含阶段段 `2025朝阳二模` -> 二模; 路径含地区 朝阳,Y
S613f35ecb7c4,BJ-2025-CY-ERMO,2025模拟题/2025各区二模/2025朝阳二模/试卷/补充材料/扫描全能王 2025-05-13 21.42.pdf,pdf,4268564,6,原卷,路径/文件名含 试卷/试题/原卷,N,2025,2024-2025学年,朝阳,unknown,高三,二模,模拟考试,扫描版,顶层目录 2025模拟题; 最深含阶段段 `2025朝阳二模` -> 二模; 路径含地区 朝阳,Y
S6009b3f19a33,BJ-2025-CY-ERMO,2025模拟题/2025各区二模/2025朝阳二模/试卷/试卷.pdf,pdf,704674,10,原卷,路径/文件名含 试卷/试题/原卷,N,2025,2024-2025学年,朝阳,unknown,高三,二模,模拟考试,,顶层目录 2025模拟题; 最深含阶段段 `2025朝阳二模` -> 二模; 路径含地区 朝阳,Y
S086cafc0d843,BJ-2025-HD-ERMO,2025模拟题/2025各区二模/2025海淀二模/其他材料/2025届二模考试讲评0510.pdf,pdf,5903279,71,讲评,路径/文件名含 讲评,N,2025,2024-2025学年,海淀,unknown,高三,二模,模拟考试,,顶层目录 2025模拟题; 最深含阶段段 `2025届二模考试讲评0510.pdf` -> 二模; 路径含地区 海淀,Y
Sfc56fdd304fd,BJ-2025-HD-ERMO,2025模拟题/2025各区二模/2025海淀二模/细则/细则.docx,docx,146207,unknown,评分材料,路径/文件名含 细则/评标,N,2025,2024-2025学年,海淀,unknown,高三,二模,模拟考试,,顶层目录 2025模拟题; 最深含阶段段 `2025海淀二模` -> 二模; 路径含地区 海淀,Y
S10b5fafe8824,BJ-2025-HD-ERMO,2025模拟题/2025各区二模/2025海淀二模/细则/补充材料/2025年海淀二模评标实录.docx,docx,15122,unknown,评分材料,路径/文件名含 细则/评标,N,2025,2024-2025学年,海淀,unknown,高三,二模,模拟考试,,顶层目录 2025模拟题; 最深含阶段段 `2025年海淀二模评标实录.docx` -> 二模; 路径含地区 海淀,Y
S7ff16fecb25f,BJ-2025-HD-ERMO,2025模拟题/2025各区二模/2025海淀二模/试卷/试卷.pdf,pdf,7863464,8,原卷,路径/文件名含 试卷/试题/原卷,N,2025,2024-2025学年,海淀,unknown,高三,二模,模拟考试,,顶层目录 2025模拟题; 最深含阶段段 `2025海淀二模` -> 二模; 路径含地区 海淀,Y
Scfb0f19ef38a,BJ-2025-XC-ERMO,2025模拟题/2025各区二模/2025西城二模/细则/细则.docx,docx,43967,unknown,评分材料,路径/文件名含 细则/评标,N,2025,2024-2025学年,西城,unknown,高三,二模,模拟考试,,顶层目录 2025模拟题; 最深含阶段段 `2025西城二模` -> 二模; 路径含地区 西城,Y
S06c08602a2f5,BJ-2025-XC-ERMO,2025模拟题/2025各区二模/2025西城二模/试卷/试卷.pdf,pdf,971063,10,原卷,路径/文件名含 试卷/试题/原卷,N,2025,2024-2025学年,西城,unknown,高三,二模,模拟考试,,顶层目录 2025模拟题; 最深含阶段段 `2025西城二模` -> 二模; 路径含地区 西城,Y
S5b78436dd863,BJ-2025-DC-QIMO,2025模拟题/2025各区期末/2025东城期末/细则/细则.pdf,pdf,1375593,17,评分材料,路径/文件名含 细则/评标,N,2025,2024-2025学年,东城,unknown,高三,期末,期末考试,,顶层目录 2025模拟题; 最深含阶段段 `2025东城期末` -> 期末; 路径含地区 东城,Y
S26b117376526,BJ-2025-DC-QIMO,2025模拟题/2025各区期末/2025东城期末/细则/补充材料/东城期末.pptx,pptx,8107362,34,评分材料,路径/文件名含 细则/评标,N,2025,2024-2025学年,东城,unknown,高三,期末,期末考试,,顶层目录 2025模拟题; 最深含阶段段 `东城期末.pptx` -> 期末; 路径含地区 东城,Y
S8eda36bd87db,BJ-2025-DC-QIMO,2025模拟题/2025各区期末/2025东城期末/试卷/试卷.pdf,pdf,704654,20,原卷,路径/文件名含 试卷/试题/原卷,N,2025,2024-2025学年,东城,unknown,高三,期末,期末考试,,顶层目录 2025模拟题; 最深含阶段段 `2025东城期末` -> 期末; 路径含地区 东城,Y
S360d57a4b250,BJ-2025-FT-QIMO,2025模拟题/2025各区期末/2025丰台期末/细则/细则.pptx,pptx,5796219,62,评分材料,路径/文件名含 细则/评标,N,2025,2024-2025学年,丰台,unknown,高三,期末,期末考试,,顶层目录 2025模拟题; 最深含阶段段 `2025丰台期末` -> 期末; 路径含地区 丰台,Y
S89765092a6f2,BJ-2025-FT-QIMO,2025模拟题/2025各区期末/2025丰台期末/试卷/试卷.pdf,pdf,1008849,18,原卷,路径/文件名含 试卷/试题/原卷,N,2025,2024-2025学年,丰台,unknown,高三,期末,期末考试,,顶层目录 2025模拟题; 最深含阶段段 `2025丰台期末` -> 期末; 路径含地区 丰台,Y
S195324f05d7e,BJ-2025-CY-QIMO,2025模拟题/2025各区期末/2025朝阳期末/其他材料/朝阳高三期末2025.pptx,pptx,123585,36,未知,无角色线索,N,2025,2024-2025学年,朝阳,unknown,高三,期末,期末考试,,顶层目录 2025模拟题; 最深含阶段段 `朝阳高三期末2025.pptx` -> 期末; 路径含地区 朝阳,Y
S953eaee3f98d,BJ-2025-CY-QIMO,2025模拟题/2025各区期末/2025朝阳期末/细则/细则.pdf,pdf,2249777,6,评分材料,路径/文件名含 细则/评标,N,2025,2024-2025学年,朝阳,unknown,高三,期末,期末考试,,顶层目录 2025模拟题; 最深含阶段段 `2025朝阳期末` -> 期末; 路径含地区 朝阳,Y
Sec82917288aa,BJ-2025-CY-QIMO,2025模拟题/2025各区期末/2025朝阳期末/试卷/试卷.pdf,pdf,707918,9,原卷,路径/文件名含 试卷/试题/原卷,N,2025,2024-2025学年,朝阳,unknown,高三,期末,期末考试,,顶层目录 2025模拟题; 最深含阶段段 `2025朝阳期末` -> 期末; 路径含地区 朝阳,Y
S7bbd92bd3b93,BJ-2025-HD-QIZHONG,2025模拟题/2025各区期末/2025海淀期中/细则/细则.docx,docx,1478316,unknown,评分材料,路径/文件名含 细则/评标,N,2025,2024-2025学年,海淀,unknown,高三,期中,期中考试,,顶层目录 2025模拟题; 最深含阶段段 `2025海淀期中` -> 期中; 路径含地区 海淀,Y
Sb452d8b4e21b,BJ-2025-HD-QIZHONG,2025模拟题/2025各区期末/2025海淀期中/试卷/试卷.pdf,pdf,773864,10,原卷,路径/文件名含 试卷/试题/原卷,N,2025,2024-2025学年,海淀,unknown,高三,期中,期中考试,,顶层目录 2025模拟题; 最深含阶段段 `2025海淀期中` -> 期中; 路径含地区 海淀,Y
S4b22b6c78aad,BJ-2025-HD-QIMO,2025模拟题/2025各区期末/2025海淀期末/细则/细则.pptx,pptx,8891068,71,评分材料,路径/文件名含 细则/评标,N,2025,2024-2025学年,海淀,unknown,高三,期末,期末考试,,顶层目录 2025模拟题; 最深含阶段段 `2025海淀期末` -> 期末; 路径含地区 海淀,Y
Sb960993a71bd,BJ-2025-HD-QIMO,2025模拟题/2025各区期末/2025海淀期末/试卷/试卷.docx,docx,667420,unknown,原卷,路径/文件名含 试卷/试题/原卷,N,2025,2024-2025学年,海淀,unknown,高三,期末,期末考试,,顶层目录 2025模拟题; 最深含阶段段 `2025海淀期末` -> 期末; 路径含地区 海淀,Y
S89d264a31e34,BJ-2025-XC-QIMO,2025模拟题/2025各区期末/2025西城期末/细则/细则.pdf,pdf,503340,5,评分材料,路径/文件名含 细则/评标,N,2025,2024-2025学年,西城,unknown,高三,期末,期末考试,,顶层目录 2025模拟题; 最深含阶段段 `2025西城期末` -> 期末; 路径含地区 西城,Y
S6662da1c2772,BJ-2025-XC-QIMO,2025模拟题/2025各区期末/2025西城期末/试卷/试卷.pdf,pdf,998833,10,原卷,路径/文件名含 试卷/试题/原卷,N,2025,2024-2025学年,西城,unknown,高三,期末,期末考试,,顶层目录 2025模拟题; 最深含阶段段 `2025西城期末` -> 期末; 路径含地区 西城,Y
Sbbcb45c7197f,BJ-2026-DC-YIMO,2026模拟题/2026各区一模/2026东城一模/细则/分题细则/东城一模评标细则（勿传）/16.pptx,pptx,33684424,11,评分细则_分题切片,路径含 分题细则,N,2026,2025-2026学年,东城,unknown,高三,一模,模拟考试,,顶层目录 2026模拟题; 最深含阶段段 `东城一模评标细则（勿传）` -> 一模; 路径含地区 东城,Y
S3566266405cd,BJ-2026-DC-YIMO,2026模拟题/2026各区一模/2026东城一模/细则/分题细则/东城一模评标细则（勿传）/17.pptx,pptx,12028511,7,评分细则_分题切片,路径含 分题细则,N,2026,2025-2026学年,东城,unknown,高三,一模,模拟考试,,顶层目录 2026模拟题; 最深含阶段段 `东城一模评标细则（勿传）` -> 一模; 路径含地区 东城,Y
S5a07157a05d1,BJ-2026-DC-YIMO,2026模拟题/2026各区一模/2026东城一模/细则/分题细则/东城一模评标细则（勿传）/18+选择7、13.pptx,pptx,19133563,16,评分细则_分题切片,路径含 分题细则,N,2026,2025-2026学年,东城,unknown,高三,一模,模拟考试,,顶层目录 2026模拟题; 最深含阶段段 `东城一模评标细则（勿传）` -> 一模; 路径含地区 东城,Y
S88c00449e9f0,BJ-2026-DC-YIMO,2026模拟题/2026各区一模/2026东城一模/细则/分题细则/东城一模评标细则（勿传）/19（1）.pptx,pptx,17424512,4,评分细则_分题切片,路径含 分题细则,N,2026,2025-2026学年,东城,unknown,高三,一模,模拟考试,,顶层目录 2026模拟题; 最深含阶段段 `东城一模评标细则（勿传）` -> 一模; 路径含地区 东城,Y
S4e0ae5b46ae6,BJ-2026-DC-YIMO,2026模拟题/2026各区一模/2026东城一模/细则/分题细则/东城一模评标细则（勿传）/19（2）.pptx,pptx,16444486,12,评分细则_分题切片,路径含 分题细则,N,2026,2025-2026学年,东城,unknown,高三,一模,模拟考试,,顶层目录 2026模拟题; 最深含阶段段 `东城一模评标细则（勿传）` -> 一模; 路径含地区 东城,Y
Saa63045ae376,BJ-2026-DC-YIMO,2026模拟题/2026各区一模/2026东城一模/细则/分题细则/东城一模评标细则（勿传）/19（3）.pptx,pptx,6794799,6,评分细则_分题切片,路径含 分题细则,N,2026,2025-2026学年,东城,unknown,高三,一模,模拟考试,,顶层目录 2026模拟题; 最深含阶段段 `东城一模评标细则（勿传）` -> 一模; 路径含地区 东城,Y
S04de6654b5f8,BJ-2026-DC-YIMO,2026模拟题/2026各区一模/2026东城一模/细则/分题细则/东城一模评标细则（勿传）/19（4）.pptx,pptx,48215605,8,评分细则_分题切片,路径含 分题细则,N,2026,2025-2026学年,东城,unknown,高三,一模,模拟考试,,顶层目录 2026模拟题; 最深含阶段段 `东城一模评标细则（勿传）` -> 一模; 路径含地区 东城,Y
S16fa597a98fe,BJ-2026-DC-YIMO,2026模拟题/2026各区一模/2026东城一模/细则/分题细则/东城一模评标细则（勿传）/20.pptx,pptx,5399320,7,评分细则_分题切片,路径含 分题细则,N,2026,2025-2026学年,东城,unknown,高三,一模,模拟考试,,顶层目录 2026模拟题; 最深含阶段段 `东城一模评标细则（勿传）` -> 一模; 路径含地区 东城,Y
Seaae525d6ec9,BJ-2026-DC-YIMO,2026模拟题/2026各区一模/2026东城一模/细则/细则.pdf,pdf,6179160,16,评分材料,路径/文件名含 细则/评标,N,2026,2025-2026学年,东城,unknown,高三,一模,模拟考试,,顶层目录 2026模拟题; 最深含阶段段 `2026东城一模` -> 一模; 路径含地区 东城,Y
S99e851c9338f,BJ-2026-DC-YIMO,2026模拟题/2026各区一模/2026东城一模/细则/补充材料/26东城一模细则.pdf,pdf,668225,16,评分材料,路径/文件名含 细则/评标,N,2026,2025-2026学年,东城,unknown,高三,一模,模拟考试,,顶层目录 2026模拟题; 最深含阶段段 `26东城一模细则.pdf` -> 一模; 路径含地区 东城,Y
S34b21a3a804e,BJ-2026-DC-YIMO,2026模拟题/2026各区一模/2026东城一模/试卷/补充材料/2026东城一模 原卷扫描版.pdf,pdf,5246761,10,原卷,路径/文件名含 试卷/试题/原卷,N,2026,2025-2026学年,东城,unknown,高三,一模,模拟考试,扫描版,顶层目录 2026模拟题; 最深含阶段段 `2026东城一模 原卷扫描版.pdf` -> 一模; 路径含地区 东城,Y
S0dafc181e82e,BJ-2026-DC-YIMO,2026模拟题/2026各区一模/2026东城一模/试卷/试卷.pdf,pdf,945774,10,原卷,路径/文件名含 试卷/试题/原卷,N,2026,2025-2026学年,东城,unknown,高三,一模,模拟考试,,顶层目录 2026模拟题; 最深含阶段段 `2026东城一模` -> 一模; 路径含地区 东城,Y
S26649804f1de,BJ-2026-FT-YIMO,2026模拟题/2026各区一模/2026丰台一模/细则/细则.pptx,pptx,23449985,68,评分材料,路径/文件名含 细则/评标,N,2026,2025-2026学年,丰台,unknown,高三,一模,模拟考试,,顶层目录 2026模拟题; 最深含阶段段 `2026丰台一模` -> 一模; 路径含地区 丰台,Y
S6e8f2df5ef86,BJ-2026-FT-YIMO,2026模拟题/2026各区一模/2026丰台一模/试卷/试卷.pdf,pdf,5971693,10,原卷,路径/文件名含 试卷/试题/原卷,N,2026,2025-2026学年,丰台,unknown,高三,一模,模拟考试,,顶层目录 2026模拟题; 最深含阶段段 `2026丰台一模` -> 一模; 路径含地区 丰台,Y
S2e0f67df1ab7,BJ-2026-YQ-YIMO,2026模拟题/2026各区一模/2026延庆一模/细则/细则.docx,docx,24071,unknown,评分材料,路径/文件名含 细则/评标,N,2026,2025-2026学年,延庆,unknown,高三,一模,模拟考试,,顶层目录 2026模拟题; 最深含阶段段 `2026延庆一模` -> 一模; 路径含地区 延庆,Y
Scc9193041171,BJ-2026-YQ-YIMO,2026模拟题/2026各区一模/2026延庆一模/试卷/试卷.pdf,pdf,694178,9,原卷,路径/文件名含 试卷/试题/原卷,N,2026,2025-2026学年,延庆,unknown,高三,一模,模拟考试,,顶层目录 2026模拟题; 最深含阶段段 `2026延庆一模` -> 一模; 路径含地区 延庆,Y
S0ca482adfc64,BJ-2026-FS-YIMO,2026模拟题/2026各区一模/2026房山一模/细则/细则.docx,docx,45608,unknown,评分材料,路径/文件名含 细则/评标,N,2026,2025-2026学年,房山,unknown,高三,一模,模拟考试,,顶层目录 2026模拟题; 最深含阶段段 `2026房山一模` -> 一模; 路径含地区 房山,Y
Se37482eff39f,BJ-2026-FS-YIMO,2026模拟题/2026各区一模/2026房山一模/试卷/试卷.pdf,pdf,4378557,11,原卷,路径/文件名含 试卷/试题/原卷,N,2026,2025-2026学年,房山,unknown,高三,一模,模拟考试,,顶层目录 2026模拟题; 最深含阶段段 `2026房山一模` -> 一模; 路径含地区 房山,Y
S3a11db4bade2,BJ-2026-CY-YIMO,2026模拟题/2026各区一模/2026朝阳一模/细则/细则.docx,docx,24525,unknown,评分材料,路径/文件名含 细则/评标,N,2026,2025-2026学年,朝阳,unknown,高三,一模,模拟考试,,顶层目录 2026模拟题; 最深含阶段段 `2026朝阳一模` -> 一模; 路径含地区 朝阳,Y
S585b15124610,BJ-2026-CY-YIMO,2026模拟题/2026各区一模/2026朝阳一模/试卷/试卷.pdf,pdf,668962,13,原卷,路径/文件名含 试卷/试题/原卷,N,2026,2025-2026学年,朝阳,unknown,高三,一模,模拟考试,,顶层目录 2026模拟题; 最深含阶段段 `2026朝阳一模` -> 一模; 路径含地区 朝阳,Y
S9b5ac8fd0cfe,BJ-2026-HD-YIMO,2026模拟题/2026各区一模/2026海淀一模/细则/细则.pdf,pdf,2405986,8,评分材料,路径/文件名含 细则/评标,N,2026,2025-2026学年,海淀,unknown,高三,一模,模拟考试,,顶层目录 2026模拟题; 最深含阶段段 `2026海淀一模` -> 一模; 路径含地区 海淀,Y
S03e0412bb805,BJ-2026-HD-YIMO,2026模拟题/2026各区一模/2026海淀一模/试卷/试卷.pdf,pdf,1739453,8,原卷,路径/文件名含 试卷/试题/原卷,N,2026,2025-2026学年,海淀,unknown,高三,一模,模拟考试,,顶层目录 2026模拟题; 最深含阶段段 `2026海淀一模` -> 一模; 路径含地区 海淀,Y
S78d97b669465,BJ-2026-SJS-YIMO,2026模拟题/2026各区一模/2026石景山一模/细则/细则.doc,doc,61440,unknown,评分材料,路径/文件名含 细则/评标,N,2026,2025-2026学年,石景山,unknown,高三,一模,模拟考试,,顶层目录 2026模拟题; 最深含阶段段 `2026石景山一模` -> 一模; 路径含地区 石景山,Y
S0d4a5cd29c2e,BJ-2026-SJS-YIMO,2026模拟题/2026各区一模/2026石景山一模/试卷/试卷.pdf,pdf,701385,10,原卷,路径/文件名含 试卷/试题/原卷,N,2026,2025-2026学年,石景山,unknown,高三,一模,模拟考试,,顶层目录 2026模拟题; 最深含阶段段 `2026石景山一模` -> 一模; 路径含地区 石景山,Y
S22206a780a15,BJ-2026-XC-YIMO,2026模拟题/2026各区一模/2026西城一模/细则/细则.docx,docx,21457,unknown,评分材料,路径/文件名含 细则/评标,N,2026,2025-2026学年,西城,unknown,高三,一模,模拟考试,,顶层目录 2026模拟题; 最深含阶段段 `2026西城一模` -> 一模; 路径含地区 西城,Y
S5581e0237e86,BJ-2026-XC-YIMO,2026模拟题/2026各区一模/2026西城一模/试卷/补充材料/2026北京西城高三一模政治.pdf,pdf,13170039,11,原卷,路径/文件名含 试卷/试题/原卷,N,2026,2025-2026学年,西城,unknown,高三,一模,模拟考试,,顶层目录 2026模拟题; 最深含阶段段 `2026北京西城高三一模政治.pdf` -> 一模; 路径含地区 西城,Y
S795b221243cd,BJ-2026-XC-YIMO,2026模拟题/2026各区一模/2026西城一模/试卷/试卷.docx,docx,4178588,unknown,原卷,路径/文件名含 试卷/试题/原卷,N,2026,2025-2026学年,西城,unknown,高三,一模,模拟考试,,顶层目录 2026模拟题; 最深含阶段段 `2026西城一模` -> 一模; 路径含地区 西城,Y
S7100a8d418c6,BJ-2026-TZ-YIMO,2026模拟题/2026各区一模/2026通州一模/细则/26 通州一模评标.pdf,pdf,1769056,16,评分材料,路径/文件名含 细则/评标,N,2026,2025-2026学年,通州,unknown,高三,一模,模拟考试,,顶层目录 2026模拟题; 最深含阶段段 `26 通州一模评标.pdf` -> 一模; 路径含地区 通州,Y
Sdced3f305445,BJ-2026-TZ-YIMO,2026模拟题/2026各区一模/2026通州一模/试卷/2026北京通州高三一模政治.pdf,pdf,8260419,10,原卷,路径/文件名含 试卷/试题/原卷,N,2026,2025-2026学年,通州,unknown,高三,一模,模拟考试,,顶层目录 2026模拟题; 最深含阶段段 `2026北京通州高三一模政治.pdf` -> 一模; 路径含地区 通州,Y
S89313bd87150,BJ-2026-MTG-YIMO,2026模拟题/2026各区一模/2026门头沟一模/细则/细则.docx,docx,23845,unknown,评分材料,路径/文件名含 细则/评标,N,2026,2025-2026学年,门头沟,unknown,高三,一模,模拟考试,,顶层目录 2026模拟题; 最深含阶段段 `2026门头沟一模` -> 一模; 路径含地区 门头沟,Y
Se84e6bbdd898,BJ-2026-MTG-YIMO,2026模拟题/2026各区一模/2026门头沟一模/试卷/试卷.pdf,pdf,1288180,8,原卷,路径/文件名含 试卷/试题/原卷,N,2026,2025-2026学年,门头沟,unknown,高三,一模,模拟考试,,顶层目录 2026模拟题; 最深含阶段段 `2026门头沟一模` -> 一模; 路径含地区 门头沟,Y
Sde758e5e7950,BJ-2026-SY-YIMO,2026模拟题/2026各区一模/2026顺义一模/细则/细则.pptx,pptx,119656,11,评分材料,路径/文件名含 细则/评标,N,2026,2025-2026学年,顺义,unknown,高三,一模,模拟考试,,顶层目录 2026模拟题; 最深含阶段段 `2026顺义一模` -> 一模; 路径含地区 顺义,Y
S8d19592ca067,BJ-2026-SY-YIMO,2026模拟题/2026各区一模/2026顺义一模/试卷/试卷.pdf,pdf,2907362,12,原卷,路径/文件名含 试卷/试题/原卷,N,2026,2025-2026学年,顺义,unknown,高三,一模,模拟考试,,顶层目录 2026模拟题; 最深含阶段段 `2026顺义一模` -> 一模; 路径含地区 顺义,Y
Sc4b3300418ae,BJ-2026-DC-ERMO,2026模拟题/2026各区二模/2026东城二模/细则/16.pdf,pdf,638739,5,评分材料,路径/文件名含 细则/评标,N,2026,2025-2026学年,东城,unknown,高三,二模,模拟考试,,顶层目录 2026模拟题; 最深含阶段段 `2026东城二模` -> 二模; 路径含地区 东城,Y
Se90ac6d5f3ee,BJ-2026-DC-ERMO,2026模拟题/2026各区二模/2026东城二模/细则/17题评标.pdf,pdf,159887,3,评分材料,路径/文件名含 细则/评标,N,2026,2025-2026学年,东城,unknown,高三,二模,模拟考试,,顶层目录 2026模拟题; 最深含阶段段 `2026东城二模` -> 二模; 路径含地区 东城,Y
Sd007267f6e1c,BJ-2026-DC-ERMO,2026模拟题/2026各区二模/2026东城二模/细则/18题阅卷细则(5.9).pdf,pdf,520382,5,评分材料,路径/文件名含 细则/评标,N,2026,2025-2026学年,东城,unknown,高三,二模,模拟考试,,顶层目录 2026模拟题; 最深含阶段段 `2026东城二模` -> 二模; 路径含地区 东城,Y
Sdb4b22917a3f,BJ-2026-DC-ERMO,2026模拟题/2026各区二模/2026东城二模/细则/20题（1+2）.pdf,pdf,191503,4,评分材料,路径/文件名含 细则/评标,N,2026,2025-2026学年,东城,unknown,高三,二模,模拟考试,,顶层目录 2026模拟题; 最深含阶段段 `2026东城二模` -> 二模; 路径含地区 东城,Y
S34f69bdaf40f,BJ-2026-DC-ERMO,2026模拟题/2026各区二模/2026东城二模/细则/26年东城二模20（3）.pdf,pdf,650708,4,评分材料,路径/文件名含 细则/评标,N,2026,2025-2026学年,东城,unknown,高三,二模,模拟考试,,顶层目录 2026模拟题; 最深含阶段段 `26年东城二模20（3）.pdf` -> 二模; 路径含地区 东城,Y
Sc6d95d8dc945,BJ-2026-DC-ERMO,2026模拟题/2026各区二模/2026东城二模/细则/东城二模 19题阅卷细则.pdf,pdf,750700,4,评分材料,路径/文件名含 细则/评标,N,2026,2025-2026学年,东城,unknown,高三,二模,模拟考试,,顶层目录 2026模拟题; 最深含阶段段 `东城二模 19题阅卷细则.pdf` -> 二模; 路径含地区 东城,Y
S05524582484d,BJ-2026-DC-ERMO,2026模拟题/2026各区二模/2026东城二模/细则/二模21题细则模版.pdf,pdf,359677,4,评分材料,路径/文件名含 细则/评标,N,2026,2025-2026学年,东城,unknown,高三,二模,模拟考试,,顶层目录 2026模拟题; 最深含阶段段 `二模21题细则模版.pdf` -> 二模; 路径含地区 东城,Y
Sc751cfa77650,BJ-2026-DC-ERMO,2026模拟题/2026各区二模/2026东城二模/试卷/2026北京东城高三二模政治（教师版）.docx,docx,1008214,unknown,教师版,文件名含 教师版,N,2026,2025-2026学年,东城,unknown,高三,二模,模拟考试,教师版,顶层目录 2026模拟题; 最深含阶段段 `2026北京东城高三二模政治（教师版）.docx` -> 二模; 路径含地区 东城,Y
S10275a1dafa3,BJ-2026-FT-ERMO,2026模拟题/2026各区二模/2026丰台二模/细则/2026丰台区二模主观题阅卷细则(1).pptx,pptx,15327627,70,评分材料,路径/文件名含 细则/评标,N,2026,2025-2026学年,丰台,unknown,高三,二模,模拟考试,,顶层目录 2026模拟题; 最深含阶段段 `2026丰台区二模主观题阅卷细则(1).pptx` -> 二模; 路径含地区 丰台,Y
Sf7b3a73c9296,BJ-2026-FT-ERMO,2026模拟题/2026各区二模/2026丰台二模/试卷/2026北京丰台高三二模政治（教师版）.pdf,pdf,1856697,13,教师版,文件名含 教师版,N,2026,2025-2026学年,丰台,unknown,高三,二模,模拟考试,教师版,顶层目录 2026模拟题; 最深含阶段段 `2026北京丰台高三二模政治（教师版）.pdf` -> 二模; 路径含地区 丰台,Y
S51621a4abaad,BJ-2026-FS-ERMO,2026模拟题/2026各区二模/2026房山二模/细则/26房山评标(2).docx,docx,34129,unknown,评分材料,路径/文件名含 细则/评标,N,2026,2025-2026学年,房山,unknown,高三,二模,模拟考试,,顶层目录 2026模拟题; 最深含阶段段 `2026房山二模` -> 二模; 路径含地区 房山,Y
S51621a4abaad,BJ-2026-FS-ERMO,2026模拟题/2026各区二模/2026房山二模/细则/26房山评标.docx,docx,34129,unknown,评分材料,路径/文件名含 细则/评标,N,2026,2025-2026学年,房山,unknown,高三,二模,模拟考试,,顶层目录 2026模拟题; 最深含阶段段 `2026房山二模` -> 二模; 路径含地区 房山,Y
Sffe050fd8f7e,BJ-2026-FS-ERMO,2026模拟题/2026各区二模/2026房山二模/试卷/2026北京房山高三二模政治（教师版）.pdf,pdf,12444404,12,教师版,文件名含 教师版,N,2026,2025-2026学年,房山,unknown,高三,二模,模拟考试,教师版,顶层目录 2026模拟题; 最深含阶段段 `2026北京房山高三二模政治（教师版）.pdf` -> 二模; 路径含地区 房山,Y
Sa2a7be6c86bb,BJ-2026-CP-ERMO,2026模拟题/2026各区二模/2026昌平二模/2026北京昌平高三二模政治（教师版）.docx,docx,5850171,unknown,教师版,文件名含 教师版,N,2026,2025-2026学年,昌平,unknown,高三,二模,模拟考试,教师版,顶层目录 2026模拟题; 最深含阶段段 `2026北京昌平高三二模政治（教师版）.docx` -> 二模; 路径含地区 昌平,Y
S0f4a908828b8,BJ-2026-CP-ERMO,2026模拟题/2026各区二模/2026昌平二模/2026年北京市昌平区二模评分标准-学生版(1)(1).pdf,pdf,266928,4,评分材料,文件名含 评分标准/评分参考/评分细则/阅卷标准/细则汇总,N,2026,2025-2026学年,昌平,unknown,高三,二模,模拟考试,学生版,顶层目录 2026模拟题; 最深含阶段段 `2026年北京市昌平区二模评分标准-学生版(1)(1).pdf` -> 二模; 路径含地区 昌平,Y
S8cb07a7f650e,BJ-2026-CY-ERMO,2026模拟题/2026各区二模/2026朝阳二模/细则/202605朝阳高三政治二模阅卷细则(1).docx,docx,27992,unknown,评分材料,路径/文件名含 细则/评标,N,2026,2025-2026学年,朝阳,unknown,高三,二模,模拟考试,,顶层目录 2026模拟题; 最深含阶段段 `202605朝阳高三政治二模阅卷细则(1).docx` -> 二模; 路径含地区 朝阳,Y
Sc8856680a9a6,BJ-2026-CY-ERMO,2026模拟题/2026各区二模/2026朝阳二模/试卷/2026北京朝阳高三二模政治（教师版）.docx,docx,78338,unknown,教师版,文件名含 教师版,N,2026,2025-2026学年,朝阳,unknown,高三,二模,模拟考试,教师版,顶层目录 2026模拟题; 最深含阶段段 `2026北京朝阳高三二模政治（教师版）.docx` -> 二模; 路径含地区 朝阳,Y
Sc2f6013f0e13,BJ-2026-HD-ERMO,2026模拟题/2026各区二模/2026海淀二模/细则/26海淀高三政治二模讲评.pdf,pdf,90283098,108,讲评,路径/文件名含 讲评,N,2026,2025-2026学年,海淀,unknown,高三,二模,模拟考试,,顶层目录 2026模拟题; 最深含阶段段 `26海淀高三政治二模讲评.pdf` -> 二模; 路径含地区 海淀,Y
Se7b70a056458,BJ-2026-HD-ERMO,2026模拟题/2026各区二模/2026海淀二模/试卷/2026北京海淀高三二模政治（教师版）.docx,docx,1255518,unknown,教师版,文件名含 教师版,N,2026,2025-2026学年,海淀,unknown,高三,二模,模拟考试,教师版,顶层目录 2026模拟题; 最深含阶段段 `2026北京海淀高三二模政治（教师版）.docx` -> 二模; 路径含地区 海淀,Y
S404f493eede9,BJ-2026-SJS-ERMO,2026模拟题/2026各区二模/2026石景山二模/细则/石景山区高三政治第二次模拟考试答案评分细则(1).doc,doc,44032,unknown,评分材料,文件名含 评分标准/评分参考/评分细则/阅卷标准/细则汇总,N,2026,2025-2026学年,石景山,unknown,高三,二模,模拟考试,,顶层目录 2026模拟题; 最深含阶段段 `2026石景山二模` -> 二模; 路径含地区 石景山,Y
S00b61bbb2c75,BJ-2026-SJS-ERMO,2026模拟题/2026各区二模/2026石景山二模/试卷/2026北京石景山高三二模政治（教师版）.docx,docx,258696,unknown,教师版,文件名含 教师版,N,2026,2025-2026学年,石景山,unknown,高三,二模,模拟考试,教师版,顶层目录 2026模拟题; 最深含阶段段 `2026北京石景山高三二模政治（教师版）.docx` -> 二模; 路径含地区 石景山,Y
Sf414cf7940ad,BJ-2026-XC-ERMO,2026模拟题/2026各区二模/2026西城二模/细则/西城二模评标.pdf,pdf,5841277,14,评分材料,路径/文件名含 细则/评标,N,2026,2025-2026学年,西城,unknown,高三,二模,模拟考试,,顶层目录 2026模拟题; 最深含阶段段 `西城二模评标.pdf` -> 二模; 路径含地区 西城,Y
S21ae4c2f7aee,BJ-2026-XC-ERMO,2026模拟题/2026各区二模/2026西城二模/试卷/2026北京西城高三二模政治（教师版）.docx,docx,317572,unknown,教师版,文件名含 教师版,N,2026,2025-2026学年,西城,unknown,高三,二模,模拟考试,教师版,顶层目录 2026模拟题; 最深含阶段段 `2026北京西城高三二模政治（教师版）.docx` -> 二模; 路径含地区 西城,Y
S643322688930,BJ-2026-SY-ERMO,2026模拟题/2026各区二模/2026顺义二模/细则/26顺义二模评标.doc,doc,60416,unknown,评分材料,路径/文件名含 细则/评标,N,2026,2025-2026学年,顺义,unknown,高三,二模,模拟考试,,顶层目录 2026模拟题; 最深含阶段段 `26顺义二模评标.doc` -> 二模; 路径含地区 顺义,Y
Sfb15943f37f6,BJ-2026-SY-ERMO,2026模拟题/2026各区二模/2026顺义二模/试卷/26顺义二模(1).pdf,pdf,5780991,12,原卷,路径/文件名含 试卷/试题/原卷,N,2026,2025-2026学年,顺义,unknown,高三,二模,模拟考试,,顶层目录 2026模拟题; 最深含阶段段 `26顺义二模(1).pdf` -> 二模; 路径含地区 顺义,Y
Se4d67789c91d,BJ-2026-DC-QIMO,2026模拟题/2026各区期末和期中/2026东城期末/细则/细则.pptx,pptx,312723506,82,评分材料,路径/文件名含 细则/评标,N,2026,2025-2026学年,东城,unknown,高三,期末,期末考试,,顶层目录 2026模拟题; 最深含阶段段 `2026东城期末` -> 期末; 路径含地区 东城,Y
S15664381470d,BJ-2026-DC-QIMO,2026模拟题/2026各区期末和期中/2026东城期末/试卷/试卷.pdf,pdf,917160,9,原卷,路径/文件名含 试卷/试题/原卷,N,2026,2025-2026学年,东城,unknown,高三,期末,期末考试,,顶层目录 2026模拟题; 最深含阶段段 `2026东城期末` -> 期末; 路径含地区 东城,Y
Sdbc93cbfd3a9,BJ-2026-FT-QIMO,2026模拟题/2026各区期末和期中/2026丰台期末/细则/细则.pdf,pdf,10715348,74,评分材料,路径/文件名含 细则/评标,N,2026,2025-2026学年,丰台,unknown,高三,期末,期末考试,,顶层目录 2026模拟题; 最深含阶段段 `2026丰台期末` -> 期末; 路径含地区 丰台,Y
S6553ff85e09d,BJ-2026-FT-QIMO,2026模拟题/2026各区期末和期中/2026丰台期末/试卷/试卷.pdf,pdf,6789048,9,原卷,路径/文件名含 试卷/试题/原卷,N,2026,2025-2026学年,丰台,unknown,高三,期末,期末考试,,顶层目录 2026模拟题; 最深含阶段段 `2026丰台期末` -> 期末; 路径含地区 丰台,Y
Se748323b3f41,BJ-2026-CP-QIMO,2026模拟题/2026各区期末和期中/2026昌平期末/2026北京昌平高三（上）期末政治（教师版）.docx,docx,1430080,unknown,教师版,文件名含 教师版,N,2026,2025-2026学年,昌平,unknown,高三,期末,期末考试,教师版,顶层目录 2026模拟题; 最深含阶段段 `2026北京昌平高三（上）期末政治（教师版）.docx` -> 期末; 路径含地区 昌平,Y
Sff41058b55ac,BJ-2026-CP-QIMO,2026模拟题/2026各区期末和期中/2026昌平期末/2026昌平政治期末细则(1).pdf,pdf,125576,3,评分材料,路径/文件名含 细则/评标,N,2026,2025-2026学年,昌平,unknown,高三,期末,期末考试,,顶层目录 2026模拟题; 最深含阶段段 `2026昌平政治期末细则(1).pdf` -> 期末; 路径含地区 昌平,Y
S885e694cf464,BJ-2026-CY-QIZHONG,2026模拟题/2026各区期末和期中/2026朝阳期中/细则/细则.docx,docx,32954,unknown,评分材料,路径/文件名含 细则/评标,N,2026,2025-2026学年,朝阳,unknown,高三,期中,期中考试,,顶层目录 2026模拟题; 最深含阶段段 `2026朝阳期中` -> 期中; 路径含地区 朝阳,Y
S885e694cf464,BJ-2026-CY-QIZHONG,2026模拟题/2026各区期末和期中/2026朝阳期中/细则/补充材料/细则.docx,docx,32954,unknown,评分材料,路径/文件名含 细则/评标,N,2026,2025-2026学年,朝阳,unknown,高三,期中,期中考试,,顶层目录 2026模拟题; 最深含阶段段 `2026朝阳期中` -> 期中; 路径含地区 朝阳,Y
S5a53b5c6863d,BJ-2026-CY-QIZHONG,2026模拟题/2026各区期末和期中/2026朝阳期中/试卷/试卷.pdf,pdf,1051598,8,原卷,路径/文件名含 试卷/试题/原卷,N,2026,2025-2026学年,朝阳,unknown,高三,期中,期中考试,,顶层目录 2026模拟题; 最深含阶段段 `2026朝阳期中` -> 期中; 路径含地区 朝阳,Y
S487b2d15b3a3,BJ-2026-CY-QIMO,2026模拟题/2026各区期末和期中/2026朝阳期末/细则/细则.pdf,pdf,1423094,4,评分材料,路径/文件名含 细则/评标,N,2026,2025-2026学年,朝阳,unknown,高三,期末,期末考试,,顶层目录 2026模拟题; 最深含阶段段 `2026朝阳期末` -> 期末; 路径含地区 朝阳,Y
Se1a49527cb4c,BJ-2026-CY-QIMO,2026模拟题/2026各区期末和期中/2026朝阳期末/试卷/试卷.pdf,pdf,11974231,8,原卷,路径/文件名含 试卷/试题/原卷,N,2026,2025-2026学年,朝阳,unknown,高三,期末,期末考试,,顶层目录 2026模拟题; 最深含阶段段 `2026朝阳期末` -> 期末; 路径含地区 朝阳,Y
Se65381bd2291,BJ-2026-HD-QIZHONG,2026模拟题/2026各区期末和期中/2026海淀期中/其他材料/期中讲评20251106.pdf,pdf,83737967,107,讲评,路径/文件名含 讲评,N,2026,2025-2026学年,海淀,unknown,高三,期中,期中考试,,顶层目录 2026模拟题; 最深含阶段段 `期中讲评20251106.pdf` -> 期中; 路径含地区 海淀,Y
S11cac42f9791,BJ-2026-HD-QIZHONG,2026模拟题/2026各区期末和期中/2026海淀期中/试卷/试卷.docx,docx,262700,unknown,原卷,路径/文件名含 试卷/试题/原卷,N,2026,2025-2026学年,海淀,unknown,高三,期中,期中考试,,顶层目录 2026模拟题; 最深含阶段段 `2026海淀期中` -> 期中; 路径含地区 海淀,Y
S7832041a93d3,BJ-2026-HD-QIMO,2026模拟题/2026各区期末和期中/2026海淀期末/细则/细则.pdf,pdf,2944879,6,评分材料,路径/文件名含 细则/评标,N,2026,2025-2026学年,海淀,unknown,高三,期末,期末考试,,顶层目录 2026模拟题; 最深含阶段段 `2026海淀期末` -> 期末; 路径含地区 海淀,Y
Sac3124113aec,BJ-2026-HD-QIMO,2026模拟题/2026各区期末和期中/2026海淀期末/试卷/试卷.pdf,pdf,9185851,10,原卷,路径/文件名含 试卷/试题/原卷,N,2026,2025-2026学年,海淀,unknown,高三,期末,期末考试,,顶层目录 2026模拟题; 最深含阶段段 `2026海淀期末` -> 期末; 路径含地区 海淀,Y
S54715a1e650d,BJ-2026-XC-QIMO,2026模拟题/2026各区期末和期中/2026西城期末/细则/细则.pdf,pdf,2838973,5,评分材料,路径/文件名含 细则/评标,N,2026,2025-2026学年,西城,unknown,高三,期末,期末考试,,顶层目录 2026模拟题; 最深含阶段段 `2026西城期末` -> 期末; 路径含地区 西城,Y
S9aecfff2e370,BJ-2026-XC-QIMO,2026模拟题/2026各区期末和期中/2026西城期末/细则/补充材料/西城高三期末评标.pptx,pptx,1259440,12,评分材料,路径/文件名含 细则/评标,N,2026,2025-2026学年,西城,unknown,高三,期末,期末考试,,顶层目录 2026模拟题; 最深含阶段段 `西城高三期末评标.pptx` -> 期末; 路径含地区 西城,Y
Sefbc5507a38d,BJ-2026-XC-QIMO,2026模拟题/2026各区期末和期中/2026西城期末/细则/补充材料/高三思想政治参考答案.pdf,pdf,11156816,12,混合载体,同SHA混合载体：p1-p9为教师版原卷，p10-p12为Q1-Q21参考答案；本源非正式评分细则。,N,2026,2025-2026学年,西城,unknown,高三,期末,期末考试,,顶层目录 2026模拟题; 最深含阶段段 `2026西城期末` -> 期末; 路径含地区 西城,Y
Sefbc5507a38d,BJ-2026-XC-QIMO,2026模拟题/2026各区期末和期中/2026西城期末/试卷/2026北京西城高三上期末政治教师版.pdf,pdf,11156816,12,混合载体,同SHA混合载体：p1-p9为教师版原卷，p10-p12为Q1-Q21参考答案；本源非正式评分细则。,N,2026,2025-2026学年,西城,unknown,高三,期末,期末考试,教师版,顶层目录 2026模拟题; 最深含阶段段 `2026北京西城高三上期末政治教师版.pdf` -> 期末; 路径含地区 西城,Y
S44537714bd68,BJ-2026-TZ-QIMO,2026模拟题/2026各区期末和期中/2026通州期末/细则/细则.pptx,pptx,845024,17,评分材料,路径/文件名含 细则/评标,N,2026,2025-2026学年,通州,unknown,高三,期末,期末考试,,顶层目录 2026模拟题; 最深含阶段段 `2026通州期末` -> 期末; 路径含地区 通州,Y
S7f3083ea306e,BJ-2026-TZ-QIMO,2026模拟题/2026各区期末和期中/2026通州期末/试卷/试卷.pdf,pdf,1136980,10,原卷,路径/文件名含 试卷/试题/原卷,N,2026,2025-2026学年,通州,unknown,高三,期末,期末考试,,顶层目录 2026模拟题; 最深含阶段段 `2026通州期末` -> 期末; 路径含地区 通州,Y
S22c2a9a9dc00,BJ-2026-SJS-QIMO,2026模拟题/只有答案没有细则的/2026石景山期末/其他材料/答案及评分参考.pdf,pdf,6826389,10,混合载体,混合载体：p1-p8为原卷，p9-p10为Q1-Q20参考答案及Q18/Q20通用等级描述；实际无Q21；原卷‘第二部分共6题’为内部计数错误；本卷为具名无E1例外。,N,2026,2025-2026学年,石景山,unknown,高三,期末,期末考试,,顶层目录 2026模拟题; 最深含阶段段 `2026石景山期末` -> 期末; 路径含地区 石景山,Y
Sd28336f73700,BJ-2020-BJ-GAOKAO,历年高考题及细则/2020北京政治高考.pdf,pdf,236517,4,评分材料,主控与跨组独立实读4页：2020北京高考Q16–Q21正式评分原文、真实分值、替代条件、等级与阅卷反馈；不是原卷。原件SHA d28336f737005ee888d1d4e31a79d5f11f6691afa4c4504ddb614d6129e0c42b,N,2020,unknown,北京,unknown,高三,高考,高考真题,,路径含高考年份 2020; 高考真题统一归北京; 最深含阶段段 `2020北京政治高考.pdf` -> 高考,Y
Sd09df25048f5,BJ-2020-BJ-GAOKAO,历年高考题及细则/2020北京高考真题政治（教师版）.pdf,pdf,431515,18,教师版,文件名含 教师版,N,2020,unknown,北京,unknown,高三,高考,高考真题,教师版,路径含高考年份 2020; 高考真题统一归北京; 最深含阶段段 `2020北京高考真题政治（教师版）.pdf` -> 高考,Y
Sbfb92664a987,BJ-2021-BJ-GAOKAO,历年高考题及细则/2021北京高考真题政治（教师版）.pdf,pdf,947452,12,教师版,文件名含 教师版,N,2021,unknown,北京,unknown,高三,高考,高考真题,教师版,路径含高考年份 2021; 高考真题统一归北京; 最深含阶段段 `2021北京高考真题政治（教师版）.pdf` -> 高考,Y
S515af99fb5a8,BJ-2021-BJ-GAOKAO,历年高考题及细则/2021高考政治主观试题细则汇总（内部资料请勿外传）.pdf,pdf,641897,7,评分材料,文件名含 评分标准/评分参考/评分细则/阅卷标准/细则汇总,N,2021,unknown,北京,unknown,高三,高考,高考真题,,路径含高考年份 2021; 高考真题统一归北京; 最深含阶段段 `2021高考政治主观试题细则汇总（内部资料请勿外传）.pdf` -> 高考,Y
Sb2dd3b8daa4d,BJ-2022-BJ-GAOKAO,历年高考题及细则/2022北京高考真题政治（教师版）.pdf,pdf,608770,22,教师版,文件名含 教师版,N,2022,unknown,北京,unknown,高三,高考,高考真题,教师版,路径含高考年份 2022; 高考真题统一归北京; 最深含阶段段 `2022北京高考真题政治（教师版）.pdf` -> 高考,Y
S07b058a51918,BJ-2022-BJ-GAOKAO,历年高考题及细则/2022年北京高考阅卷标准.pdf,pdf,338288,7,评分材料,文件名含 评分标准/评分参考/评分细则/阅卷标准/细则汇总,N,2022,unknown,北京,unknown,高三,高考,高考真题,,路径含高考年份 2022; 高考真题统一归北京; 最深含阶段段 `2022年北京高考阅卷标准.pdf` -> 高考,Y
Sa304fc30e2f4,BJ-2023-BJ-GAOKAO,历年高考题及细则/2023.16.pdf,pdf,247880,2,分题切片_待定,文件名形如 年份.题号，角色须内容确认,N,2023,unknown,北京,unknown,高三,高考,高考真题,,路径含高考年份 2023; 高考真题统一归北京; 最深含阶段段 `历年高考题及细则` -> 高考,Y
Sef033508bb10,BJ-2023-BJ-GAOKAO,历年高考题及细则/2023.17.pdf,pdf,323616,1,分题切片_待定,文件名形如 年份.题号，角色须内容确认,N,2023,unknown,北京,unknown,高三,高考,高考真题,,路径含高考年份 2023; 高考真题统一归北京; 最深含阶段段 `历年高考题及细则` -> 高考,Y
S55e70d4fcebb,BJ-2023-BJ-GAOKAO,历年高考题及细则/2023.18(3).pdf,pdf,299209,1,分题切片_待定,文件名形如 年份.题号，角色须内容确认,N,2023,unknown,北京,unknown,高三,高考,高考真题,,路径含高考年份 2023; 高考真题统一归北京; 最深含阶段段 `历年高考题及细则` -> 高考,Y
S1317ff2d3699,BJ-2023-BJ-GAOKAO,历年高考题及细则/2023.18（1）（2）.pdf,pdf,116852,1,分题切片_待定,文件名形如 年份.题号，角色须内容确认,N,2023,unknown,北京,unknown,高三,高考,高考真题,,路径含高考年份 2023; 高考真题统一归北京; 最深含阶段段 `历年高考题及细则` -> 高考,Y
S32dd066eb95c,BJ-2023-BJ-GAOKAO,历年高考题及细则/2023.19(1).pdf,pdf,74011,1,分题切片_待定,文件名形如 年份.题号，角色须内容确认,N,2023,unknown,北京,unknown,高三,高考,高考真题,,路径含高考年份 2023; 高考真题统一归北京; 最深含阶段段 `历年高考题及细则` -> 高考,Y
S2c3853fde0c2,BJ-2023-BJ-GAOKAO,历年高考题及细则/2023.19（2）.pdf,pdf,48391,1,分题切片_待定,文件名形如 年份.题号，角色须内容确认,N,2023,unknown,北京,unknown,高三,高考,高考真题,,路径含高考年份 2023; 高考真题统一归北京; 最深含阶段段 `历年高考题及细则` -> 高考,Y
S9bcca4f19c81,BJ-2023-BJ-GAOKAO,历年高考题及细则/2023.20.pdf,pdf,70392,2,分题切片_待定,文件名形如 年份.题号，角色须内容确认,N,2023,unknown,北京,unknown,高三,高考,高考真题,,路径含高考年份 2023; 高考真题统一归北京; 最深含阶段段 `历年高考题及细则` -> 高考,Y
Sbf0725189cee,BJ-2023-BJ-GAOKAO,历年高考题及细则/2023北京高考真题政治（教师版）.pdf,pdf,884902,9,教师版,文件名含 教师版,N,2023,unknown,北京,unknown,高三,高考,高考真题,教师版,路径含高考年份 2023; 高考真题统一归北京; 最深含阶段段 `2023北京高考真题政治（教师版）.pdf` -> 高考,Y
S957fa8d76c21,BJ-2023-BJ-GAOKAO,历年高考题及细则/2023高考阅卷细则.pdf,pdf,5690534,5,评分材料,路径/文件名含 细则/评标,N,2023,unknown,北京,unknown,高三,高考,高考真题,,路径含高考年份 2023; 高考真题统一归北京; 最深含阶段段 `2023高考阅卷细则.pdf` -> 高考,Y
Sbe05e583ba6a,BJ-2024-BJ-GAOKAO,历年高考题及细则/2024北京高考真题政治（教师版）.pdf,pdf,755603,13,教师版,文件名含 教师版,N,2024,unknown,北京,unknown,高三,高考,高考真题,教师版,路径含高考年份 2024; 高考真题统一归北京; 最深含阶段段 `2024北京高考真题政治（教师版）.pdf` -> 高考,Y
Se0d7d1a5fd45,BJ-2024-BJ-GAOKAO,历年高考题及细则/2024年北京市高考政治试题分析(1).pdf,pdf,14163109,53,试题分析材料,文件名明确含“试题分析”；第三方教研分析材料，非官方原卷,N,2024,unknown,北京,unknown,高三,高考,高考真题,,路径含高考年份 2024; 高考真题统一归北京; 最深含阶段段 `2024年北京市高考政治试题分析(1).pdf` -> 高考,Y
S132a504a16fe,BJ-2025-BJ-GAOKAO,历年高考题及细则/2025北京细则.pdf,pdf,1828500,6,评分材料,路径/文件名含 细则/评标,N,2025,unknown,北京,unknown,高三,高考,高考真题,,路径含高考年份 2025; 高考真题统一归北京; 最深含阶段段 `历年高考题及细则` -> 高考,Y
S44eade2b04f8,BJ-2025-BJ-GAOKAO,历年高考题及细则/2025北京高考真题政治（教师版）.pdf,pdf,1168275,21,教师版,文件名含 教师版,N,2025,unknown,北京,unknown,高三,高考,高考真题,教师版,路径含高考年份 2025; 高考真题统一归北京; 最深含阶段段 `2025北京高考真题政治（教师版）.pdf` -> 高考,Y
S125fcac83354,BJ-2026-BJ-GAOKAO,历年高考题及细则/2026北京高考政治细则.docx,docx,20183,unknown,评分材料,路径/文件名含 细则/评标,N,2026,unknown,北京,unknown,高三,高考,高考真题,,路径含高考年份 2026; 高考真题统一归北京; 最深含阶段段 `2026北京高考政治细则.docx` -> 高考,Y
Sc125322a6844,BJ-2026-BJ-GAOKAO,历年高考题及细则/2026年普通高中学业水平等级性考试（思想政治）参考答案.pdf,pdf,253230,2,参考答案,文件名含 答案,N,2026,unknown,北京,unknown,高三,高考,高考真题,,路径含高考年份 2026; 高考真题统一归北京; 最深含阶段段 `历年高考题及细则` -> 高考,Y
S150b8360ec5c,BJ-2026-BJ-GAOKAO,历年高考题及细则/2026年普通高中学业水平等级性考试（思想政治）试题.pdf,pdf,9079798,9,原卷,路径/文件名含 试卷/试题/原卷,N,2026,unknown,北京,unknown,高三,高考,高考真题,,路径含高考年份 2026; 高考真题统一归北京; 最深含阶段段 `历年高考题及细则` -> 高考,Y
Seed66a4c3a30,BJ-2023-BJ-GAOKAO,历年高考题及细则/23北京高考.pdf,pdf,1556987,20,原卷,高考语境且无其他角色词，按原卷登记（待内容确认）,N,2023,unknown,北京,unknown,高三,高考,高考真题,,路径含高考年份 2023; 高考真题统一归北京; 最深含阶段段 `23北京高考.pdf` -> 高考,Y
Sab58e68c2d67,BJ-XXXX-UNK-UNK,宝典制作原料/2025班课选必二法律第一轮 法律框架.pdf,pdf,25477452,35,未知,无角色线索,N,unknown,unknown,unknown,unknown,高三,unknown,unknown,,,N
Sfdc2bef79997,BJ-XXXX-UNK-UNK,宝典制作原料/2026班课必修三第一轮 政治与法治.pdf,pdf,24827958,24,未知,无角色线索,N,unknown,unknown,unknown,unknown,高三,unknown,unknown,,,N
S480c4b32f530,BJ-XXXX-UNK-UNK,宝典制作原料/2026班课必修三第二轮 政治与法治习题课.pdf,pdf,57083037,46,未知,无角色线索,N,unknown,unknown,unknown,unknown,高三,unknown,unknown,,,N
Scde33d31c0f6,BJ-XXXX-UNK-UNK,宝典制作原料/2026班课必修二第一轮 五四三二一 .pdf,pdf,30177149,30,未知,无角色线索,N,unknown,unknown,unknown,unknown,高三,unknown,unknown,,,N
Sbe3a6a1f3af8,BJ-XXXX-UNK-UNK,宝典制作原料/2026班课必修二第二轮 经济与社会习题课 .pdf,pdf,66352785,59,未知,无角色线索,N,unknown,unknown,unknown,unknown,高三,unknown,unknown,,,N
Sbca6bdaee7cb,BJ-XXXX-UNK-UNK,宝典制作原料/2026班课选必一第一轮 六要素 .pdf,pdf,16666496,18,未知,无角色线索,N,unknown,unknown,unknown,unknown,高三,unknown,unknown,,,N
S72fc1ec38398,BJ-XXXX-UNK-UNK,宝典制作原料/2026班课选必三思维第一轮 思维框架.pdf,pdf,9913238,15,未知,无角色线索,N,unknown,unknown,unknown,unknown,高三,unknown,unknown,,,N
Sb3cff0b2a97c,BJ-XXXX-UNK-UNK,宝典制作原料/2026班课选必三推理第一轮 推理类型.pdf,pdf,14799008,22,未知,无角色线索,N,unknown,unknown,unknown,unknown,高三,unknown,unknown,,,N
Sda3174081032,BJ-XXXX-UNK-UNK,宝典制作原料/制作宝典宪法.docx,docx,356010,unknown,未知,无角色线索,N,unknown,unknown,unknown,unknown,高三,unknown,unknown,,,N
Sa455457d84d5,BJ-XXXX-UNK-UNK,宝典制作原料/必修二 终极版秘籍.docx,docx,22008,unknown,未知,无角色线索,N,unknown,unknown,unknown,unknown,高三,unknown,unknown,,,N
S7c051f36d078,BJ-XXXX-UNK-UNK,宝典制作原料/必修二经济与社会-应如何主体积累页.txt,txt,3660,unknown,未知,无角色线索,N,unknown,unknown,unknown,unknown,高三,unknown,unknown,,,N
Sb01c73ea9756,BJ-XXXX-UNK-UNK,宝典制作原料/选必三思维宝典初稿-飞哥正志讲堂.pdf,pdf,2495558,80,未知,无角色线索,N,unknown,unknown,unknown,unknown,高三,unknown,unknown,,,N
S58b0b05ab58b,BJ-XXXX-UNK-UNK,宝典制作原料/选必二6.8急救包-飞哥正志讲堂.pdf,pdf,340788,11,未知,无角色线索,N,unknown,unknown,unknown,unknown,高三,unknown,unknown,,,N
Sdf79f0c4f74e,BJ-2023-HD-ERMO,2023模拟题/2023各区模拟题(1)/各区二模/√海淀/海淀区2022-2023学年第二学期期末练习高三思想政治(1).pdf,pdf,785501,8,原卷,原卷/答案实际标题与题目已逐页核对；与本目录二模评分载体同题配对,N,2023,2022-2023学年,海淀,unknown,高三,期末,期末考试,,有界别名关联：保留既有HD-QIMO注册；印刷期末练习2023.05、目录各区二模和评分海淀二模三重来源事实并列，不强改原卷标题,Y
S0a294f8799f7,BJ-2023-HD-ERMO,2023模拟题/2023各区模拟题(1)/各区二模/√海淀/海淀区2022-2023学年第二学期期末练习高三思想政治参考答案 (2)(1).doc,doc,52224,3,参考答案,原卷/答案实际标题与题目已逐页核对；与本目录二模评分载体同题配对,N,2023,2022-2023学年,海淀,unknown,高三,期末,期末考试,,有界别名关联：保留既有HD-QIMO注册；印刷期末练习2023.05、目录各区二模和评分海淀二模三重来源事实并列，不强改原卷标题,Y
Sf986728ea555,BJ-2024-SY-ERMO,2024模拟题/顺义思政二模/细则/细则.docx,docx,32521,unknown,参考答案,原载体正文标题为思想政治参考答案；独立E3，非正式E1；目录/文件名不决定角色,N,2024,2023-2024学年,顺义,unknown,高三,二模,模拟考试,,顶层目录 2024模拟题; 最深含阶段段 `顺义思政二模` -> 二模; 路径含地区 顺义,Y
S33010f3bed39,BJ-2024-SY-ERMO,2024模拟题/顺义思政二模/试卷/试卷.docx,docx,13156426,unknown,原卷,路径/文件名含 试卷/试题/原卷,N,2024,2023-2024学年,顺义,unknown,高三,二模,模拟考试,,顶层目录 2024模拟题; 最深含阶段段 `顺义思政二模` -> 二模; 路径含地区 顺义,Y
